scenario,seed,mean_return,daily_volatility,return_acf_1,absolute_return_acf_1,excess_kurtosis,volume_absolute_return_correlation,mean_absolute_log_price_gap,maximum_drawdown,bubble_day_fraction,crash_day_fraction,strategy_turnover,final_wealth_gini,price_cap_hits,maximum_cash_relative_error,maximum_share_relative_error
full,20260901,0.0007588537043543973,0.01324990689677327,0.09881912432007761,0.14042683828972133,0.4456213616132363,0.4560868430760277,0.012565643561637273,0.23634694236281495,0.0,0.0,58.0,0.009126349406476608,0.0,1.0837208140980114e-15,9.260309690778906e-16
full,20260902,0.00018674231340325064,0.015079749465951711,0.06117662794700774,-0.01611790305914842,0.713526955285138,0.37739108232891716,0.013149784476237925,0.14180724330714944,0.0,0.0,67.0,0.014598861975649413,0.0,4.0639530528675426e-16,7.937408306381919e-16
full,20260903,0.0006464678078517387,0.013957955627513677,0.05051494529379316,0.1036346037140623,0.20520757800685097,0.40254412982029286,0.012418881188126807,0.11598034190847728,0.0,0.0,75.0,0.01124575279099349,0.0,1.7610463229092685e-15,7.937408306381919e-16
full,20260904,-0.0004438347812554113,0.01962950557980458,-0.07412256944373444,0.08738506945854084,0.8873087934073767,0.37209278282981395,0.016328812220429957,0.332600774441566,0.0,0.004,78.0,0.027553428038642247,0.0,5.418604070490057e-16,1.3229013843969864e-15
full,20260905,-0.00035313478913648664,0.015740306331327808,-0.07886692351629207,0.1482478016552752,0.135334685076419,0.5029078126907032,0.01136879458091251,0.25062794640976993,0.0,0.0,40.0,0.012518209589664098,0.0,6.773255088112571e-16,1.3229013843969864e-15
full,20260906,0.001041350353129289,0.01228542750606219,0.08016148234258746,-0.013885056183124087,-0.05007823226430608,0.36652539001887174,0.012624881697826102,0.18042089022304242,0.0,0.0,43.0,0.017625586020828976,0.0,4.0639530528675426e-16,1.0583211075175892e-15
full,20260907,-2.883643506971012e-05,0.018591641740958627,-0.0806278949627061,0.059694991351754545,0.5484932519050152,0.5140151214069383,0.012234520820166243,0.20293632300131847,0.0,0.004,48.0,0.0130564645738791,0.0,5.418604070490057e-16,5.291605537587946e-16
full,20260908,-0.0014888008149879647,0.019672432442902735,-0.1870968560744457,0.07347421233376421,-0.3542150741002277,0.394913856621879,0.013779759731304728,0.35214938266673346,0.0,0.004,14.0,0.01611597643948115,0.0,8.127906105735085e-16,5.291605537587946e-16
full,20260909,-0.00015427486934064305,0.015341626056955007,0.05161999212958813,0.04254416937921261,-0.062096650891525496,0.40726666788768895,0.012829707628476992,0.1806054171096778,0.0,0.0,54.0,0.014834178450413571,0.0,5.418604070490057e-16,9.260309690778906e-16
full,20260910,0.0010869416926388808,0.013055378261212646,0.021602651780875084,0.22809113339226156,-0.08388409371800298,0.45291168047192737,0.010732469344817166,0.1325561246808986,0.0,0.0,73.0,0.011571750747737974,0.0,6.773255088112571e-16,5.291605537587946e-16
full,20260911,0.0006886117467207668,0.014756141723549132,0.024087674815055887,0.3069514573112427,0.6851513777605622,0.4069677099849102,0.013410435317058373,0.21463281001958912,0.0,0.0,95.0,0.014516978026569927,0.0,9.482557123357599e-16,3.9687041531909596e-16
full,20260912,0.0007918480175138996,0.012910756927291205,0.05220260045429156,0.005325168789530985,0.09245810134730714,0.5303045746799281,0.009272325996034175,0.13740112784557568,0.0,0.0,58.0,0.008676382743831645,0.0,8.127906105735085e-16,5.291605537587946e-16
full,20260913,0.00044127105874175855,0.011313555099485072,0.061252739996391734,-0.05491821899444143,-0.3656405369999156,0.415881920291794,0.010211831268463518,0.18204716563569212,0.0,0.0,89.0,0.0063758565212861384,0.0,1.2191859158602628e-15,5.291605537587946e-16
full,20260914,0.0003582348266600626,0.013844614499342814,-0.03752627865746076,0.003654621555903095,0.05681687626857368,0.6501068947619063,0.009273558756014308,0.12801123418910154,0.0,0.0,75.0,0.0047752943753984756,0.0,5.418604070490057e-16,3.9687041531909596e-16
full,20260915,-0.0001090330475416721,0.016948234909051483,-0.04753992315566119,0.013090925098198,-0.5202595842249993,0.23930311998948026,0.016205258055111953,0.2659411007466119,0.0,0.0,57.0,0.021184216303870906,0.0,8.127906105735085e-16,5.291605537587946e-16
full,20260916,0.0007390937910384423,0.013004028750599016,0.04269171546104897,-0.027201928901115818,0.07489305174897432,0.2964406198452663,0.012603002792459001,0.14786957682721613,0.0,0.0,40.0,0.010805225461960166,0.0,5.418604070490057e-16,5.291605537587946e-16
full,20260917,-8.339474979757e-05,0.02211972112214828,-0.18311284961714605,0.1993313016844677,0.9647362694153898,0.45899088596551274,0.0160993105156279,0.2958720020118065,0.0,0.008,50.0,0.024717875682899404,0.0,1.3546510176225143e-15,1.3229013843969864e-15
full,20260918,0.0014708035504115244,0.012054979628562286,0.1265396369419001,0.03495652307741429,0.2740855704189853,0.36313936444870426,0.01360287587952239,0.16674143449116363,0.0,0.0,98.0,0.014939337891815452,0.0,5.418604070490057e-16,7.937408306381919e-16
full,20260919,-0.0003551676088195599,0.015486415471380056,0.09868584256619563,0.098938100320779,0.21026181136652689,0.40486493411642777,0.012537762567154855,0.249337341224666,0.0,0.0,63.0,0.010591352743296145,0.0,5.418604070490057e-16,6.614506921984932e-16
full,20260920,-0.00038124455306501304,0.014166346749521197,-0.02471516531050021,0.08929941533281435,-0.37965284340640304,0.466618860631706,0.00991987609028363,0.13395058354988088,0.0,0.0,26.0,0.010040351837665717,0.0,4.0639530528675426e-16,5.291605537587946e-16
full,20260921,0.0012428114426739718,0.01184420889897832,0.07086900157423637,0.07187875145663959,0.5469701031126197,0.3624975151756539,0.010848601841266603,0.10979144071893299,0.0,0.0,109.0,0.019160160984585728,0.0,8.127906105735085e-16,7.937408306381919e-16
full,20260922,0.0014599987712520458,0.012226640919992324,0.12115643490791389,-0.023702781315604434,0.31379292210059795,0.38900941079052126,0.01192642324706747,0.15481428189925195,0.0,0.0,84.0,0.027626692952650966,0.0,6.773255088112571e-16,2.645802768793973e-16
full,20260923,0.0007456876241186344,0.013012117619514957,-0.02686417941826866,0.06328392107527078,-0.2316762360334077,0.4036168798614648,0.011132116934665103,0.09783264312086537,0.0,0.0,92.0,0.007245352545283135,0.0,6.773255088112571e-16,1.0583211075175892e-15
full,20260924,0.0016002551218499725,0.01294280332928975,0.09239124596133076,0.10173447019077765,-0.20749148242060178,0.4008716721194897,0.011942370968960147,0.13755809566022825,0.0,0.0,89.0,0.03070779014493019,0.0,4.0639530528675426e-16,5.291605537587946e-16
full,20260925,0.0015637374644979153,0.011586040914814619,0.043294589564422344,-0.022943001126669308,-0.2320664261730605,0.39877661854345153,0.012056800763477935,0.1545424982472513,0.0,0.0,74.0,0.01953152923236079,0.0,1.2191859158602628e-15,6.614506921984932e-16
full,20260926,0.0011526683631850397,0.011815095585540784,0.14363491810622314,0.035448143892324126,-0.023109565150900124,0.4636349663765469,0.011148024840737557,0.0984029633347957,0.0,0.0,63.0,0.016086257274037452,0.0,1.2191859158602628e-15,3.9687041531909596e-16
full,20260927,-0.00041105141763749485,0.017886161072182223,-0.18484039010463982,0.25783882880471826,1.277355875339219,0.5981008197070482,0.011670462001507181,0.25811915591178536,0.0,0.008,12.0,0.012563914578385793,0.0,5.418604070490057e-16,9.260309690778906e-16
full,20260928,0.0009968767691988809,0.012759750022636697,0.07015235811966623,-0.017587896288740357,0.07660346318110811,0.5006420957839147,0.010701248610594332,0.1553764621574203,0.0,0.0,80.0,0.010482579358596533,0.0,9.482557123357599e-16,6.614506921984932e-16
full,20260929,0.0007220382316366738,0.014476493023688265,0.03830264727449509,0.024954911338872763,0.045528937696020844,0.39923355190170917,0.011989669862065679,0.222227096853983,0.0,0.0,81.0,0.010306190045683561,0.0,9.482557123357599e-16,6.614506921984932e-16
full,20260930,0.0007669077237081758,0.013706647568617154,0.053990155802354736,0.0340263183769946,0.5372095024769741,0.3469958332885399,0.012861304988680535,0.1628046301291276,0.0,0.0,72.0,0.010100299767251464,0.0,8.127906105735085e-16,7.937408306381919e-16
full,20260931,0.00019745328938895667,0.013508738489148174,0.18290967436779262,0.15057770727870018,0.036511885801461474,0.4634762660699863,0.011099076610201677,0.17842370607240132,0.0,0.0,44.0,0.008515885220289121,0.0,6.773255088112571e-16,1.1906112459572878e-15
full,20260932,0.0015220611787587898,0.009991277522979828,0.15853705167091908,0.04915738035967492,0.11093927845939211,0.33460691622937816,0.011782303922183133,0.1550185430653337,0.0,0.0,90.0,0.02187730074089922,0.0,1.3546510176225143e-15,1.5874816612763839e-15
value_only,20260901,0.0006062156671439176,0.10657874247186394,-0.9754104941003595,0.8483252439576336,-1.5541579401638268,0.9861747345411316,0.048720769448973786,0.3185571445751145,0.0,0.42,0.0,0.0312200958901816,39.0,9.482557123357599e-16,7.937408306381919e-16
value_only,20260902,6.929214916452864e-05,0.10818173954866629,-0.9739158340227799,0.8652292522468086,-1.498507937405791,0.9730146146324223,0.04834280545873221,0.21319837362276484,0.0,0.4,0.0,0.032835717038515844,52.0,8.127906105735085e-16,5.291605537587946e-16
value_only,20260903,0.0006192227872290985,0.11250384598818244,-0.9787524005674995,0.8896962900985704,-1.53172645528987,0.9696729628166275,0.04953841732051561,0.20718116954579124,0.0,0.396,0.0,0.03091337196327637,63.0,9.482557123357599e-16,1.0583211075175892e-15
value_only,20260904,-0.000523910668152773,0.12656317836131717,-0.9837874551286361,0.7406790444598214,-1.8375559257048555,0.9400343913873143,0.060657262212130254,0.3700984104128544,0.0,0.488,0.0,0.04813271504679406,81.0,5.418604070490057e-16,1.7197717997160825e-15
value_only,20260905,-0.00024426285745449405,0.11734846731897994,-0.9772272723629659,0.7760502681672685,-1.7472120701646594,0.966105284313226,0.054797464345580506,0.31059552555931136,0.0,0.46,0.0,0.0413602751212534,38.0,9.482557123357599e-16,9.260309690778906e-16
value_only,20260906,0.0011452779690747086,0.11081988098010645,-0.983778083293378,0.9105958332474859,-1.5183046871461057,0.9681529166277438,0.050002720026274386,0.245777999961862,0.0,0.4,0.0,0.025348237933629836,64.0,5.418604070490057e-16,7.937408306381919e-16
value_only,20260907,-0.00017648328443397432,0.11757418954662545,-0.9792457082215863,0.8095910747112851,-1.7048069485849457,0.9679047815126017,0.05522899589437904,0.275961206682078,0.0,0.46,0.0,0.04055931539178981,62.0,5.418604070490057e-16,3.9687041531909596e-16
value_only,20260908,-0.0018402120518437287,0.1412920644550169,-0.9896157957774573,0.7407087307806139,-1.930576946241472,0.8425278097201807,0.0689818329264138,0.4010249134253687,0.0,0.48,0.0,0.060336734310767026,163.0,1.0837208140980114e-15,1.3229013843969864e-15
value_only,20260909,-0.0003118255305699869,0.11208885794559,-0.9781506897694663,0.8646817606776236,-1.6107518623471573,0.9818119157447025,0.051501975052905345,0.22161053261387842,0.0,0.428,0.0,0.03898003466111266,54.0,6.773255088112571e-16,7.937408306381919e-16
value_only,20260910,0.0009623854274195515,0.10179139465191658,-0.9755673275344593,0.8917147738753669,-1.3834996911649817,0.990472426362752,0.04437757150088108,0.21498387247473072,0.0,0.376,0.0,0.027801571021729643,38.0,6.773255088112571e-16,7.937408306381919e-16
value_only,20260911,0.00047224774206669197,0.10048683987177577,-0.9714719924121094,0.8841165300872362,-1.3888832336792791,0.9941960590393695,0.04342587774691343,0.2682610739690685,0.0,0.368,0.0,0.02904571011592716,33.0,2.7093020352450284e-16,7.937408306381919e-16
value_only,20260912,0.0008214431814551233,0.10578891481767234,-0.9745606058190798,0.8856334576269715,-1.4220040957380438,0.9897674446713002,0.04667634085036742,0.2362811249698824,0.0,0.384,0.0,0.028111744151066542,47.0,6.773255088112571e-16,7.937408306381919e-16
value_only,20260913,0.0002494646960630753,0.10080104195696357,-0.9794822807961442,0.9139249039263765,-1.3544168544027655,0.988114347742803,0.043821737600661756,0.22742766894598376,0.0,0.38,0.0,0.029004217531752197,35.0,9.482557123357599e-16,5.291605537587946e-16
value_only,20260914,0.000499562779284961,0.10091628301917625,-0.9737032820721283,0.8947894457507537,-1.372658940920479,0.9868764707147561,0.043654157903957276,0.18113993054544042,0.0,0.38,0.0,0.03013029690118163,35.0,5.418604070490057e-16,7.937408306381919e-16
value_only,20260915,-0.0002838386522945342,0.12756407148176485,-0.9827901463193514,0.8316247214004835,-1.7769725972024972,0.8960712888049769,0.05998897200140195,0.32875669832772936,0.00796812749003984,0.452,0.0,0.041857322231786176,119.0,4.0639530528675426e-16,7.937408306381919e-16
value_only,20260916,0.0007219764667092754,0.11764111822832839,-0.98318042816747,0.9054442384580859,-1.6423986568999434,0.9670323115235537,0.05287042360653147,0.2271875617954141,0.0,0.412,0.0,0.032541260942027916,64.0,6.773255088112571e-16,5.291605537587946e-16
value_only,20260917,-5.166796910956961e-05,0.12263022878155233,-0.9791772464475792,0.8131861444509191,-1.7375718746934798,0.9593215908282269,0.057878732582738936,0.3514951054766955,0.0,0.452,0.0,0.03931916179772044,88.0,8.127906105735085e-16,6.614506921984932e-16
value_only,20260918,0.0014147056652060997,0.08943528568695647,-0.9663942467736352,0.9191704542326237,-0.9266870494408574,0.9925412206102815,0.03476155811395781,0.1992178485536098,0.0,0.28,0.0,0.01809978819730773,30.0,1.4901161193847656e-15,6.614506921984932e-16
value_only,20260919,-0.0005679140117816566,0.11768535827378948,-0.9794719255497194,0.7686589613573719,-1.7515332329489604,0.9533389523843908,0.055866708571796174,0.2950596600703338,0.0,0.48,0.0,0.044163931412993795,59.0,8.127906105735085e-16,5.291605537587946e-16
value_only,20260920,-0.00022351531453477236,0.12117284530005595,-0.9865682932126212,0.8363907810055714,-1.784163181473728,0.9563296821007421,0.05837822666126433,0.20270225468224112,0.0,0.48,0.0,0.04179632032773828,64.0,6.773255088112571e-16,7.937408306381919e-16
value_only,20260921,0.0012330516999282857,0.0960881455292907,-0.9711772521313541,0.9110166678432656,-1.145118308124901,0.9779481824730543,0.03992893954949351,0.1633648744723305,0.0,0.332,0.0,0.02241050864266203,45.0,4.0639530528675426e-16,1.7197717997160825e-15
value_only,20260922,0.0013789519222604945,0.11087416008323574,-0.9797340434767572,0.9150494830344895,-1.4303343041759442,0.9802066986588343,0.047193321408500216,0.2538991924610273,0.0,0.34,0.0,0.02395489580213206,76.0,5.418604070490057e-16,3.9687041531909596e-16
value_only,20260923,0.0007252762331535969,0.10035396429905119,-0.9758075570890724,0.9176080436016726,-1.2673388636755438,0.9773730091345625,0.04306235818806701,0.16480552511702606,0.0,0.336,0.0,0.026318813791576634,43.0,6.773255088112571e-16,5.291605537587946e-16
value_only,20260924,0.0015589793372357227,0.09739899371923957,-0.9740055701012629,0.9110910675988666,-1.2300783835909201,0.9745595706838548,0.04143364583235121,0.18435805144930661,0.0,0.336,0.0,0.02005781794434447,44.0,4.0639530528675426e-16,2.645802768793973e-16
value_only,20260925,0.0014568010548181326,0.09102543122645314,-0.9634266706986331,0.8748143644640471,-1.189886570128605,0.9883840532590457,0.0384857040545839,0.20719529866269326,0.0,0.34,0.0,0.02078625350605967,22.0,8.127906105735085e-16,5.291605537587946e-16
value_only,20260926,0.0010391752199337993,0.10657022877841399,-0.9806087976706895,0.9223672036935167,-1.4120765737660763,0.9793734643168474,0.046817198918635027,0.1777046982163455,0.0,0.372,0.0,0.027261087538762885,49.0,1.0837208140980114e-15,3.9687041531909596e-16
value_only,20260927,-0.0004980290356477717,0.12454136642169682,-0.9826750605803263,0.6914457836672446,-1.8436620643362958,0.9393863739163717,0.060384191752928654,0.306774327703385,0.0,0.492,0.0,0.04637631305701606,49.0,4.0639530528675426e-16,5.291605537587946e-16
value_only,20260928,0.0009293860330031763,0.10302991118572725,-0.9755012435617207,0.8720793715389784,-1.4354559817706392,0.981518940547052,0.04596004560701694,0.24189003942612308,0.0,0.384,0.0,0.02801196650651705,36.0,5.418604070490057e-16,5.291605537587946e-16
value_only,20260929,0.00080045733249246,0.10673079322542536,-0.9790005635134371,0.9075755833709332,-1.4567995739983535,0.9828441993831871,0.0468367770727224,0.2834394715208225,0.0,0.376,0.0,0.028445277477867847,48.0,1.0837208140980114e-15,7.937408306381919e-16
value_only,20260930,0.0009570932549562449,0.10296481030054298,-0.9703457417246764,0.8586374781702045,-1.442191906735159,0.9693771198681327,0.04559771768035449,0.22501495267564176,0.00398406374501992,0.384,0.0,0.02663685579125774,41.0,1.625581221147017e-15,7.937408306381919e-16
value_only,20260931,0.000401248676216337,0.10589899430760726,-0.971970414195846,0.8609672296975245,-1.498219160979173,0.9720597681599455,0.047510036319002524,0.23122210690166511,0.0,0.412,0.0,0.03057137684367106,49.0,6.773255088112571e-16,7.937408306381919e-16
value_only,20260932,0.0014223719627789748,0.08181735754249113,-0.9584126394853225,0.8574716143876111,-0.946090331794097,0.9891835542909115,0.03421872499474846,0.20651647901338022,0.0,0.324,0.0,0.019022533321287005,18.0,5.418604070490057e-16,5.291605537587946e-16
trend_only,20260901,0.000187220085497092,0.0006009940373003106,-0.012733017087447767,0.027040945171196144,-0.00979328201009233,0.9436780796048904,0.061098359682929135,0.004402513662387086,0.0,0.0,0.0,7.109016634454512e-05,0.0,2.7093020352450284e-16,1.0583211075175892e-15
trend_only,20260902,-0.0002328532602438962,0.0006389824289397008,0.13580748785667088,0.05072382370732902,-0.37875824643512246,0.9478602219242224,0.07343044801723102,0.05655132584120315,0.00398406374501992,0.0,0.0,0.00010573465692576,0.0,4.0639530528675426e-16,6.614506921984932e-16
trend_only,20260903,-8.80622439663128e-05,0.0006570146735137305,0.2464947549807429,0.18480967161813555,-0.024694045638725015,0.9408302758545884,0.058210368346993724,0.03658241957386443,0.0,0.0,0.0,4.6216903726747915e-05,0.0,5.418604070490057e-16,3.9687041531909596e-16
trend_only,20260904,-0.00012944483649806316,0.0006003065526039758,0.0752470754768155,0.039399023491069274,-0.3868609504665681,0.9445654090616006,0.045992417416785836,0.042003023188643906,0.06772908366533864,0.0,0.0,3.296753734938207e-05,0.0,5.418604070490057e-16,6.614506921984932e-16
trend_only,20260905,-7.36849562165105e-05,0.0006919694425802288,0.1887665310129376,-0.05404496835719606,0.2269562686650155,0.9525247410849984,0.04627105557915466,0.04342569891445813,0.0,0.0,0.0,7.833086306496817e-05,0.0,2.7093020352450284e-16,6.614506921984932e-16
trend_only,20260906,-0.0001293170803397743,0.0006416211656928765,-0.024022200462204137,0.014779050408706832,-0.39228506450090883,0.9476776060397288,0.08070710724339261,0.031982490391549545,0.0,0.0,0.0,5.4830485516355054e-05,0.0,5.418604070490057e-16,5.291605537587946e-16
trend_only,20260907,-1.6011723552086464e-05,0.0005824683807402823,0.10487875985167458,-0.02499859149650672,-0.39415937848912286,0.9379934725610739,0.03601831419169521,0.02336482081026814,0.03187250996015936,0.0,0.0,3.358145264642509e-05,0.0,8.127906105735085e-16,5.291605537587946e-16
trend_only,20260908,0.00013778841028021916,0.0005846281660233283,0.14727106361068093,0.017755987184260087,0.04753911012684009,0.9391407780576148,0.21957022768351184,0.018484424512943964,0.8565737051792829,0.0,0.0,5.601970959112634e-05,0.0,5.418604070490057e-16,5.291605537587946e-16
trend_only,20260909,0.00011085339034450926,0.0006138287087052232,0.01886941209897433,0.016851062289054884,0.6847264171843745,0.939063017774982,0.030927464921140433,0.013768037630643382,0.0,0.0,0.0,3.3264764972340544e-05,0.0,6.773255088112571e-16,7.937408306381919e-16
trend_only,20260910,7.255738335359751e-05,0.0005676432043033927,0.09087275461153801,-0.03127626582155504,0.5777071915907017,0.9270447184136023,0.09992300993361569,0.00936135436675356,0.0,0.0,0.0,1.5475991965274716e-05,0.0,4.0639530528675426e-16,9.260309690778906e-16
trend_only,20260911,0.0002449087553715188,0.0006204277901385792,0.16444171961450565,-0.01931422658851575,0.04771806914780097,0.9493421524811859,0.0852272838315599,0.014519390281425903,0.0,0.0,0.0,0.00012062941071300237,0.0,4.0639530528675426e-16,5.291605537587946e-16
trend_only,20260912,0.00016930442759938556,0.0006100376105885651,0.17493609090376877,0.006664299667841149,-0.1900080797310948,0.9396437985803938,0.04302350785532254,0.0059823245355369314,0.0,0.0,0.0,4.761607211678509e-05,0.0,9.482557123357599e-16,1.0583211075175892e-15
trend_only,20260913,0.00012034912020096655,0.0005658609272041072,0.0033360045950193216,-0.03859262493718617,0.40057173912893074,0.9354093665637586,0.09863826262437073,0.008172471591454289,0.0,0.0,0.0,6.025565418577017e-05,0.0,1.3546510176225143e-15,7.937408306381919e-16
trend_only,20260914,3.4170429360464994e-05,0.000613292136665702,0.1487152033220802,-0.0465697393676962,0.05092999277407406,0.9347350801833584,0.09757873264086835,0.013221841149311575,0.0,0.0,0.0,2.11633608726558e-05,0.0,8.127906105735085e-16,2.645802768793973e-16
trend_only,20260915,-0.00017920365060759735,0.0005689670772109232,0.0717467210922279,-0.058285349769294,0.004629852860727368,0.9372206777265727,0.10246793797260757,0.04381217221634426,0.5258964143426295,0.0,0.0,6.694091870951269e-05,0.0,8.127906105735085e-16,7.937408306381919e-16
trend_only,20260916,0.0002247983617356404,0.0005782747144177966,0.24004151604037868,0.05801260853063615,0.4044533401352619,0.9498390502874879,0.043034163116405136,0.012935941153498609,0.043824701195219126,0.0,0.0,6.878758130124396e-05,0.0,5.418604070490057e-16,5.291605537587946e-16
trend_only,20260917,-0.00013520376133817181,0.0005900546821253015,0.08221991448516594,0.07624360579032598,0.08271506940612783,0.9440472556498769,0.05447072115826692,0.03330545463198964,0.15139442231075698,0.0,0.0,3.0471148349198174e-05,0.0,6.773255088112571e-16,5.291605537587946e-16
trend_only,20260918,-6.238762675435439e-05,0.0006022289525261128,0.14844127520176842,0.03920480316019025,-0.3034637827997706,0.9350027740101969,0.18076758602663182,0.03566684002865583,0.0,0.0,0.0,5.3698447457506404e-05,0.0,8.127906105735085e-16,5.291605537587946e-16
trend_only,20260919,-0.00011574644758411879,0.0005622136196930541,-0.05025672749900457,-0.029486620637363174,-0.19948862384820432,0.9319598999709557,0.042414185551842676,0.03713959469680139,0.0,0.0,0.0,5.235978484408044e-05,0.0,5.418604070490057e-16,5.291605537587946e-16
trend_only,20260920,0.00023678388474136726,0.0006788746157611144,0.08858811745585289,-0.055963888611664986,-0.1164094396604578,0.9512415719309723,0.048029586954225365,0.005264719096589987,0.10756972111553785,0.0,0.0,0.00011311263096902557,0.0,5.418604070490057e-16,9.260309690778906e-16
trend_only,20260921,0.00010407184358097154,0.0006161315025458385,0.25424846705852017,-0.09187861639035952,0.2101630388695268,0.9444583209933726,0.14622382634757686,0.01872562166745506,0.0,0.0,0.0,4.122431249453662e-05,0.0,1.2191859158602628e-15,6.614506921984932e-16
trend_only,20260922,0.00024381563209164626,0.0005410569636124005,0.10251392094411106,0.10168263039757988,-0.5029134150413319,0.9419937715173382,0.1091907275809698,0.0026534604417949303,0.043824701195219126,0.0,0.0,8.883655567171189e-05,0.0,6.773255088112571e-16,7.937408306381919e-16
trend_only,20260923,0.00015332102533206182,0.0006380378750743306,0.2565335503570544,0.04812404329693963,0.17179235304342821,0.9441195190049518,0.09021958753782541,0.013185309439322501,0.0,0.0,0.0,7.997980787100012e-05,0.0,1.0837208140980114e-15,1.0583211075175892e-15
trend_only,20260924,7.293075833117513e-05,0.0006132408343911546,0.19150129880893127,-0.017298674020041212,0.08874178548315115,0.9393955264688482,0.1509590856274233,0.012567136548318092,0.0,0.0,0.0,5.460256329747892e-05,0.0,5.418604070490057e-16,3.9687041531909596e-16
trend_only,20260925,-0.0003521865419463097,0.000694910882570999,0.3598709695048666,0.2771961474513591,0.3448692548844212,0.9574041576416766,0.18907432369744936,0.08648619554305592,0.0,0.0,0.0,0.00016007647470872577,0.0,9.482557123357599e-16,5.291605537587946e-16
trend_only,20260926,-0.0003717803636799921,0.0006909031163834785,0.12098629961328196,0.0475417216191393,-0.25293447300097815,0.9575159432372204,0.14287366484043965,0.09133440926309744,0.0,0.0,0.0,0.0001452539748640902,0.0,5.418604070490057e-16,3.9687041531909596e-16
trend_only,20260927,6.941874811492354e-05,0.0006006794675265433,0.19333605044273436,0.02617764407611112,0.4165426629543534,0.9334542137352007,0.0701464132184979,0.025478962631307445,0.14342629482071714,0.0,0.0,6.048564326999184e-05,0.0,4.0639530528675426e-16,3.9687041531909596e-16
trend_only,20260928,-0.0001494868197753867,0.0006152202758588727,0.22337802752322475,-0.042155458968444276,-0.13476322223342097,0.953595831586018,0.10741197103854182,0.05625148826458526,0.0,0.0,0.0,0.00010090782043370439,0.0,4.0639530528675426e-16,9.260309690778906e-16
trend_only,20260929,0.00010220859759199285,0.0006478944798440366,0.17652820290749063,0.0665230232515183,0.6994900173381855,0.9481958423489785,0.07238585302441113,0.01315574454227908,0.0,0.0,0.0,5.82979744085943e-05,0.0,1.2191859158602628e-15,9.260309690778906e-16
trend_only,20260930,0.00020419683983778826,0.0005663112559740893,0.08639872498740075,-0.11346772229947513,0.017307402705639685,0.9351787196033531,0.08700623724999801,0.01290902288730078,0.0,0.0,0.0,9.848221332986462e-05,0.0,6.773255088112571e-16,7.937408306381919e-16
trend_only,20260931,-9.184676695931771e-05,0.0006056656841182732,0.08216180944828501,0.010722749410730495,-0.08105868013031081,0.9412363081334659,0.06940948932057647,0.03296136259954141,0.0,0.0,0.0,5.4709152407239614e-05,0.0,6.773255088112571e-16,7.937408306381919e-16
trend_only,20260932,0.00026387969096945696,0.0006264880751086396,0.08138957186190804,-0.10398136270909991,0.03187794445077641,0.9532137373537495,0.17278974238548878,0.012526421053611014,0.0,0.0,0.0,8.022980705124638e-05,0.0,5.418604070490057e-16,3.9687041531909596e-16
noise_only,20260901,0.002999271423656225,0.0483965244195317,-0.000893773956963754,-0.002411395874352185,0.23505212790493335,0.7983474057167,0.24900915638309526,0.5152626667725538,0.6972111553784861,0.124,0.0,0.07668302396191895,0.0,6.773255088112571e-16,5.291605537587946e-16
noise_only,20260902,0.00234651982828305,0.0510259144270019,-0.04216173970937639,0.12730864154905944,0.026929880484850344,0.7808764425724279,0.30806463764018893,0.4850054018343929,0.7171314741035857,0.156,0.0,0.059678432426385486,0.0,5.418604070490057e-16,5.291605537587946e-16
noise_only,20260903,-0.006286791624545447,0.12553764331378267,0.04663731205452798,0.36960152329876084,-1.6576919017014347,0.576339823338624,1.6215815557946653,0.9562092604422555,0.03187250996015936,0.432,0.0,0.12432304843910802,147.0,8.127906105735085e-16,5.291605537587946e-16
noise_only,20260904,0.002618278716566955,0.08563107987148158,-0.030367923365597727,0.30624011978786747,-0.7602366620674981,0.7190703961604814,0.5889950398799537,0.8078972283537583,0.2151394422310757,0.28,0.0,0.21014865548504313,39.0,1.0837208140980114e-15,5.291605537587946e-16
noise_only,20260905,0.0035029767607702984,0.038904346504775714,-0.036329156792482255,0.14696718926311705,0.5712409290688729,0.8409395142624952,0.6392532181994505,0.32987212195983884,0.9681274900398407,0.084,0.0,0.0426186060158964,0.0,6.773255088112571e-16,5.291605537587946e-16
noise_only,20260906,0.002827072296071826,0.04121761169572895,0.1030257950900149,0.2968226480866242,0.06787604437339256,0.7579340826871919,0.4991021527677619,0.4085348367945394,0.8565737051792829,0.108,0.0,0.05720057239978926,0.0,1.0837208140980114e-15,9.260309690778906e-16
noise_only,20260907,0.0029333929238577134,0.04362869893783381,-0.055654399817511815,-0.11895789336225104,0.25799727674290773,0.7901121187060327,0.4291249482686287,0.3998552953272293,0.9123505976095617,0.092,0.0,0.05823372005830185,0.0,5.418604070490057e-16,6.614506921984932e-16
noise_only,20260908,0.004707240134712666,0.03995207812836015,0.05910444641108145,0.13742387560564212,0.3751104494273223,0.8589538168898976,0.9129783410085276,0.33884902022056773,0.9601593625498008,0.08,0.0,0.0714221845921359,0.0,5.418604070490057e-16,5.291605537587946e-16
noise_only,20260909,-0.0006664466064130359,0.0567623007474907,0.06377912292592877,0.17998730710272573,-0.20280589253847214,0.8586039324776864,0.12981897900367448,0.5086658981458329,0.35856573705179284,0.204,0.0,0.02914418854118539,1.0,1.0837208140980114e-15,1.1906112459572878e-15
noise_only,20260910,0.0015597267131588239,0.048024690709230745,-0.02989552755336923,0.01305671698846611,0.4292265834026239,0.7735564319425119,0.21960616551549128,0.3311587975878475,0.6852589641434262,0.124,0.0,0.03439657236048421,2.0,5.418604070490057e-16,1.0583211075175892e-15
noise_only,20260911,0.0027591181509406546,0.048995925747712936,0.014187957413590637,0.033276014883189056,0.03401871393345379,0.8069696933441047,0.2486766869544542,0.3838523717500989,0.7569721115537849,0.132,0.0,0.0615138048517363,1.0,1.0837208140980114e-15,1.1906112459572878e-15
noise_only,20260912,0.0033582349246853733,0.03230234095422745,-0.18981582333589173,0.10476078453920819,0.8038154239963222,0.7921463943197743,0.6808011177688457,0.3570017520641271,0.9442231075697212,0.032,0.0,0.03887169215536734,0.0,1.0837208140980114e-15,7.937408306381919e-16
noise_only,20260913,4.871927274102106e-05,0.08375427397305488,0.029697565806837235,0.12607754953052516,-0.7474644680842637,0.5802914316559055,0.5377967181660424,0.7632329371359804,0.0,0.268,0.0,0.08786159471780342,29.0,5.418604070490057e-16,6.614506921984932e-16
noise_only,20260914,0.001745352094553798,0.05328318913318011,-0.06579264529592234,-0.01820470738356314,0.6591558512390403,0.8010021095594925,0.20506867985174032,0.36284549379601394,0.42231075697211157,0.132,0.0,0.0503409511769739,3.0,5.418604070490057e-16,5.291605537587946e-16
noise_only,20260915,0.0017297800493967052,0.05467341649685665,0.05273082230320693,-0.03307476610661047,-0.344476436115698,0.736291416936645,0.22476475161482298,0.43054378107451363,0.7450199203187251,0.192,0.0,0.05228041610046352,2.0,8.127906105735085e-16,7.937408306381919e-16
noise_only,20260916,0.003045831797833543,0.03866967365731264,-0.0957099316543679,0.04852768510384224,0.6159719776664376,0.817446939321205,0.5073368899928437,0.30611017195048795,0.9442231075697212,0.064,0.0,0.05058909490603769,0.0,9.482557123357599e-16,1.0583211075175892e-15
noise_only,20260917,0.001986249205893941,0.06726601513920506,-0.058268570932175905,0.08999507298870224,-0.6016508471380067,0.7712103472122437,0.18862646059449767,0.583671574680638,0.2868525896414343,0.244,0.0,0.09216906357579213,5.0,1.2191859158602628e-15,7.937408306381919e-16
noise_only,20260918,0.002484330479406129,0.044540359615910616,0.06471980822739432,0.1477016005305315,0.1868628521841771,0.8084768181571202,0.2674178611045761,0.44082408513100046,0.7768924302788844,0.104,0.0,0.0422330846320631,0.0,9.482557123357599e-16,7.937408306381919e-16
noise_only,20260919,-0.000469444123922333,0.08508617086475241,0.17347154806503978,0.24187963440970028,-0.6836751121678479,0.6773778929571062,0.4713673701133142,0.8972945872922123,0.09561752988047809,0.3,0.0,0.09702836677984328,37.0,5.418604070490057e-16,9.260309690778906e-16
noise_only,20260920,0.004779377356771644,0.03876293218807596,0.06209092790363473,0.13941703187266305,1.7693637912152536,0.7759703652757882,0.7375662004837439,0.5833456323597858,0.8565737051792829,0.06,0.0,0.11637271917879932,2.0,1.0837208140980114e-15,1.1906112459572878e-15
noise_only,20260921,-0.000508874269142666,0.0689788769615804,-0.0642725687325554,0.03707870584646134,-0.6286666226460369,0.7977919876424437,0.3350850781088304,0.5178675585303448,0.0199203187250996,0.26,0.0,0.018867034205013233,7.0,9.482557123357599e-16,3.9687041531909596e-16
noise_only,20260922,0.0014702679336024466,0.05181790093978406,-0.055990002111885026,-0.04393691078525019,0.05755623772870111,0.7854943201726214,0.1965572381894184,0.501392364019128,0.47410358565737054,0.156,0.0,0.038528838598100856,3.0,4.0639530528675426e-16,2.645802768793973e-16
noise_only,20260923,0.001415683458971106,0.0511610407300049,-0.11191050506718964,0.12072352725701267,0.10231221461910245,0.8082908238858661,0.20419943253613126,0.5188457138487075,0.5936254980079682,0.14,0.0,0.03565134707701034,1.0,4.0639530528675426e-16,3.9687041531909596e-16
noise_only,20260924,0.0007238058081700416,0.0809047948689145,0.05058545673337487,0.12408051711826727,-0.590694481507696,0.6068094080981747,0.46199792673952217,0.742399178212698,0.0,0.264,0.0,0.1022153593278925,29.0,4.0639530528675426e-16,3.9687041531909596e-16
noise_only,20260925,0.003318214943661214,0.06137515243511674,0.09437107843654696,0.21673560600462694,0.08909608921235179,0.7614467724165319,0.39570251689721386,0.6206194185418612,0.5179282868525896,0.176,0.0,0.1259329894820318,10.0,9.482557123357599e-16,7.937408306381919e-16
noise_only,20260926,0.003870012348270798,0.03592667863728503,-0.0008744931395961789,0.15177526875301628,-0.00769728492828925,0.7343009858382005,0.51833560070238,0.28018106383269814,0.9442231075697212,0.06,0.0,0.0677459421600044,0.0,6.773255088112571e-16,7.937408306381919e-16
noise_only,20260927,0.0035387469040098515,0.04104473590000961,-0.031098331390011072,0.2055802113236696,0.7563252913135412,0.8648116454691639,0.576697756581383,0.22828847532673802,0.9123505976095617,0.088,0.0,0.05757393705398339,0.0,4.0639530528675426e-16,3.9687041531909596e-16
noise_only,20260928,0.0019092557331049774,0.05285613874900585,0.14050319704569592,-0.01258261240945205,0.07342655213959048,0.6870020493584993,0.28748291051673186,0.5724911797719365,0.5697211155378487,0.16,0.0,0.06194360533828247,4.0,1.0837208140980114e-15,6.614506921984932e-16
noise_only,20260929,0.0017198065191079514,0.06625084387114266,-0.09429152000476573,-0.0368208839726719,-0.12457710638540131,0.7601780338420691,0.21161816864174507,0.6013681761415388,0.05179282868525897,0.208,0.0,0.0823009250609168,12.0,5.418604070490057e-16,6.614506921984932e-16
noise_only,20260930,0.002276952242180389,0.047025196848713535,0.04668158637983611,0.02159402030995877,0.2535022949908763,0.8124785404769865,0.2538225926172661,0.44812129448124705,0.8286852589641435,0.14,0.0,0.046579182736141256,0.0,6.773255088112571e-16,5.291605537587946e-16
noise_only,20260931,0.002520761760292494,0.04422162202765154,-0.06360437520683357,0.18757922689128204,0.21682117749353402,0.780583282378245,0.280387080769851,0.4032205580957776,0.8207171314741036,0.092,0.0,0.04855253323601727,0.0,6.773255088112571e-16,9.260309690778906e-16
noise_only,20260932,0.005033371196873791,0.03880698045497155,-0.04788123192335904,0.17791664870855053,0.2916754188774613,0.7981485314777162,0.4740746530217926,0.3019769827195744,0.896414342629482,0.068,0.0,0.10290832467557776,0.0,5.418604070490057e-16,7.937408306381919e-16
no_logit,20260901,0.0007553465839760811,0.011560795957631119,0.21444739758059292,0.15446267035608452,0.32264178649843966,0.40463101591608636,0.012623682517433087,0.23291188387204964,0.0,0.0,0.0,0.008795247241510484,0.0,1.0837208140980114e-15,1.0583211075175892e-15
no_logit,20260902,0.00020485694973599068,0.013928261083510241,0.12665158133049909,0.04780897434006371,1.0704483824376343,0.4108930459123808,0.012639736776698137,0.14180724330714944,0.0,0.0,0.0,0.015058984053360813,0.0,8.127906105735085e-16,1.0583211075175892e-15
no_logit,20260903,0.0006333395563512951,0.013479470359842403,0.07531429441790226,0.11645560699505829,0.2631254001533181,0.45283654379155913,0.010582749497223284,0.11189548904495461,0.0,0.0,0.0,0.010042781856091754,0.0,2.0319765264337714e-15,6.614506921984932e-16
no_logit,20260904,-0.0004005623114381578,0.016278619014449512,0.03530687630174199,0.029395295938458046,0.8455574140653885,0.32994898529322886,0.013574182421653556,0.3250198450695738,0.0,0.004,0.0,0.02238181235490555,0.0,5.418604070490057e-16,7.937408306381919e-16
no_logit,20260905,-0.00040346416410335094,0.013923919453932714,0.0346107267833942,0.0579729546018037,0.008027404687758644,0.45021816471141624,0.011271029663207296,0.2479174553224719,0.0,0.0,0.0,0.013051096556419228,0.0,5.418604070490057e-16,5.291605537587946e-16
no_logit,20260906,0.001035246895084981,0.011511469186323975,0.12208712714980603,0.03685460846923691,0.02133338521234185,0.38925711214657577,0.011884094372294901,0.18042089022304242,0.0,0.0,0.0,0.014088226737159815,0.0,5.418604070490057e-16,5.291605537587946e-16
no_logit,20260907,-5.150650722175953e-05,0.016302350746452327,0.028755231036115558,0.06615343155202137,0.2827557953924744,0.48782299304644067,0.011938575880970253,0.20373595489320606,0.0,0.004,0.0,0.013940813034015731,0.0,4.0639530528675426e-16,5.291605537587946e-16
no_logit,20260908,-0.0014958407130467393,0.02131420244261668,-0.21469935595875803,0.11240098464971347,-0.23774187444241113,0.4511885027566141,0.01390870797956192,0.35430307167556907,0.0,0.004,0.0,0.016990735959502734,0.0,4.0639530528675426e-16,2.645802768793973e-16
no_logit,20260909,-0.0001751273084872018,0.014104785651362745,0.12515126081586536,0.016967924114502778,-0.23586357933694124,0.3466604114145454,0.0132217664262816,0.18051581927509386,0.0,0.0,0.0,0.015527194547137135,0.0,5.418604070490057e-16,1.3229013843969864e-15
no_logit,20260910,0.0010993789228999375,0.011638421197349882,0.10614536088503003,0.1900288162425544,-0.13069211864398245,0.40027944409558425,0.010781126797835626,0.12701817782886005,0.0,0.0,0.0,0.011030783203479277,0.0,1.0837208140980114e-15,7.937408306381919e-16
no_logit,20260911,0.0007422993849190717,0.01302831611001578,0.15665842210547554,0.26288273045274624,0.5321389242272048,0.33966618585792147,0.013638694110228007,0.2148849096847697,0.0,0.0,0.0,0.015272345986336644,0.0,6.773255088112571e-16,3.9687041531909596e-16
no_logit,20260912,0.0008093571787043956,0.012092782337876357,0.08910890059674509,0.07705452154960804,-0.028154672055576313,0.49944945941852337,0.009995028392770925,0.13764241271732225,0.0,0.0,0.0,0.008186669105534339,0.0,1.0837208140980114e-15,7.937408306381919e-16
no_logit,20260913,0.0004297634199170801,0.010350980477270174,0.12232974352522849,-0.009099733440512825,-0.4620091285145991,0.41084083377960356,0.010376562714746544,0.18207298540353423,0.0,0.0,0.0,0.007056054542612156,0.0,9.482557123357599e-16,6.614506921984932e-16
no_logit,20260914,0.0003771281743849535,0.012209934672946421,0.03434932235575987,-0.020503724509943408,-0.09866742656512706,0.5952020276300459,0.00949675546214868,0.1279858127675112,0.0,0.0,0.0,0.0049772906245006965,0.0,1.0837208140980114e-15,5.291605537587946e-16
no_logit,20260915,-0.00010576964164392421,0.016219953046117813,-0.05298677360980072,0.06080401563478977,-0.5054127872270029,0.30013866909213527,0.013261918009566569,0.2659411007466119,0.0,0.0,0.0,0.019488312079873227,0.0,2.7093020352450284e-16,5.291605537587946e-16
no_logit,20260916,0.0007467793734004537,0.012623122109409982,0.05463669298930258,-0.01987626621639379,0.10497592593233263,0.30686786066463423,0.011486254233203723,0.1451686286270244,0.0,0.0,0.0,0.009062900558668208,0.0,5.418604070490057e-16,5.291605537587946e-16
no_logit,20260917,-8.201894158062117e-05,0.02227191694780841,-0.23004143206044886,0.22380222462563787,1.2850212579346412,0.5199839197428765,0.013684011930219718,0.2928137749512968,0.0,0.024,0.0,0.021606264064701897,0.0,4.0639530528675426e-16,6.614506921984932e-16
no_logit,20260918,0.0014962325928206254,0.011080666979698598,0.2307424881474123,0.041258476450063114,0.4524298329160028,0.2992640689597572,0.016305869149828903,0.16695766291090408,0.0,0.0,0.0,0.014578116276309006,0.0,5.418604070490057e-16,3.9687041531909596e-16
no_logit,20260919,-0.0003450823545714847,0.01444010391689368,0.15656631194974938,0.11363642562249202,0.2848239595520021,0.42826749697454614,0.011639569423888555,0.24401560747787798,0.0,0.0,0.0,0.010345174550837166,0.0,8.127906105735085e-16,2.645802768793973e-16
no_logit,20260920,-0.00038185246485505074,0.013012890339322116,0.022438873173150624,0.08845532083996346,-0.3940646988108658,0.4569852417699987,0.009520144494318684,0.13037187086827629,0.0,0.0,0.0,0.009331295626578973,0.0,9.482557123357599e-16,5.291605537587946e-16
no_logit,20260921,0.0012678892889144925,0.010896442883985126,0.10232456579626067,0.1391569021649772,0.7633773492595362,0.3649201482373794,0.011317580789391147,0.10715701318925452,0.0,0.0,0.0,0.020047480712251042,0.0,5.418604070490057e-16,3.9687041531909596e-16
no_logit,20260922,0.0014609386878879,0.011567456165105326,0.17268296632375865,0.022403379065508742,0.366727889392084,0.38209553752836034,0.011806464295244207,0.1538056061204045,0.0,0.0,0.0,0.02624478685824183,0.0,8.127906105735085e-16,5.291605537587946e-16
no_logit,20260923,0.000763895212336557,0.011950134257795089,0.04555525047989699,0.047532493574191,-0.11048814312561683,0.4130991068665009,0.011349830770599078,0.09785836520294378,0.0,0.0,0.0,0.0069412368362027355,0.0,6.773255088112571e-16,7.937408306381919e-16
no_logit,20260924,0.001625465525894107,0.011827816206958825,0.16940892346779018,0.14280770406183563,0.2102663793497066,0.42718349486376705,0.012110527370863794,0.1357091468607935,0.0,0.0,0.0,0.030020794275981588,0.0,5.418604070490057e-16,3.9687041531909596e-16
no_logit,20260925,0.001558546085246796,0.01050219091891286,0.12399695615898765,0.02043204500075358,-0.1396073941321685,0.3530346145624801,0.01242888997288421,0.15619032715487935,0.0,0.0,0.0,0.0178933263534522,0.0,1.0837208140980114e-15,5.291605537587946e-16
no_logit,20260926,0.001151385914162738,0.011179749294378668,0.1849397839663734,0.10184908714394313,-0.12847585850561005,0.4189246724799872,0.01206149522109686,0.10231529153412988,0.0,0.0,0.0,0.01581791323935766,0.0,8.127906105735085e-16,7.937408306381919e-16
no_logit,20260927,-0.00041872697822239503,0.017001900025859957,-0.1494184366947913,0.23793961256189403,1.050927728639297,0.5701705418348538,0.011362810903792228,0.25409993147022936,0.0,0.008,0.0,0.013271770070751643,0.0,1.0837208140980114e-15,1.0583211075175892e-15
no_logit,20260928,0.0010272550681114723,0.011297189826364332,0.15454244244905616,-0.05505573088876101,0.07092583488848714,0.4059370927070053,0.010895711508584314,0.1545165396092053,0.0,0.0,0.0,0.009661015110737026,0.0,5.418604070490057e-16,3.9687041531909596e-16
no_logit,20260929,0.0006949125184264879,0.012580820740925055,0.16471075652112777,0.04550206719897851,-0.02439280900413987,0.31593340585215096,0.012643192072134473,0.2172037863372137,0.0,0.0,0.0,0.01101365305983637,0.0,5.418604070490057e-16,1.0583211075175892e-15
no_logit,20260930,0.0007563077558181667,0.012089078623705968,0.15487053517034993,0.0471931736054681,0.6053561326523904,0.3025261795213104,0.012936281383355803,0.16463422363483127,0.0,0.0,0.0,0.009606603205914555,0.0,1.0837208140980114e-15,5.291605537587946e-16
no_logit,20260931,0.00019747344163267044,0.013248473035513922,0.1854269166762761,0.1417574335889543,-0.027609062499458492,0.49066387122725064,0.01049657166944221,0.17798271494201579,0.0,0.0,0.0,0.008546818537778611,0.0,5.418604070490057e-16,7.937408306381919e-16
no_logit,20260932,0.0015405280265231233,0.00909062050758219,0.2641402482591215,0.11068213115737635,0.1624210499082701,0.285651594282653,0.012668456387343777,0.1572122509566245,0.0,0.0,0.0,0.02147358207533001,0.0,5.418604070490057e-16,3.9687041531909596e-16
independent_signals,20260901,0.0007391617610491182,0.007983859023382632,0.5747873628008291,0.45071535967003623,0.4288993213543204,0.4769854527790603,0.009458877195259226,0.2168765376278703,0.0,0.0,69.0,0.007677395408998144,0.0,8.127906105735085e-16,5.291605537587946e-16
independent_signals,20260902,0.0002698371693579631,0.008594172898124761,0.6171262568379372,0.43213028157181277,0.3509582294115057,0.5546343605265737,0.011664712438284647,0.11197595083818046,0.0,0.0,95.0,0.009578926296542889,0.0,5.418604070490057e-16,5.291605537587946e-16
independent_signals,20260903,0.0005686088440112904,0.007987122215236373,0.5318853401796455,0.3055868805160422,0.09506815246641409,0.5840602487116073,0.009138914654055957,0.10818861121755774,0.0,0.0,69.0,0.007238576525222307,0.0,8.127906105735085e-16,7.937408306381919e-16
independent_signals,20260904,-0.0003284215262777224,0.009347157200488888,0.5482692405487389,0.3147808197818789,0.9967750910180877,0.4005355433685344,0.011313527904859108,0.31079105195419654,0.0,0.0,71.0,0.014834146768124556,0.0,1.0837208140980114e-15,9.260309690778906e-16
independent_signals,20260905,-0.0005030171154485608,0.00820945237266868,0.548063601895875,0.20604945512037667,-0.36880221806832836,0.5607158240332707,0.008664901234365086,0.24376633761080346,0.0,0.0,55.0,0.009297188261826461,0.0,5.418604070490057e-16,9.260309690778906e-16
independent_signals,20260906,0.0010104334661906514,0.007361970791382855,0.5808848330424983,0.4070590405121969,0.7681282082163317,0.3673348730373917,0.010082015094331494,0.16055764189340327,0.0,0.0,41.0,0.01585364359892205,0.0,8.127906105735085e-16,6.614506921984932e-16
independent_signals,20260907,-0.00015464262292648101,0.009013378405528336,0.5197314475632964,0.3332523817341463,0.4472418492863146,0.5604200651359997,0.009001947739817943,0.19395552224425294,0.0,0.0,60.0,0.009054247294191464,0.0,5.418604070490057e-16,6.614506921984932e-16
independent_signals,20260908,-0.0016219389608032521,0.008806704642434523,0.5073349425103437,0.2183839272709855,-0.2233020627299691,0.10675008154927329,0.011134348842403528,0.3425192151238491,0.0,0.0,48.0,0.013852573262358225,0.0,8.127906105735085e-16,7.937408306381919e-16
independent_signals,20260909,-0.00017437251889057493,0.008645254693529631,0.48548496202569086,0.17992678153349098,-0.21036518555099049,0.5759824702232742,0.00953604737793074,0.15792367059587475,0.0,0.0,35.0,0.009089726093012063,0.0,4.0639530528675426e-16,1.0583211075175892e-15
independent_signals,20260910,0.0011078129944506899,0.006931425100690738,0.5558284273861949,0.2543926679087202,-0.21905466095142856,0.5244343543906966,0.008981759923650617,0.09703482935068652,0.0,0.0,70.0,0.01017878204719791,0.0,9.482557123357599e-16,9.260309690778906e-16
independent_signals,20260911,0.0007141012572697925,0.008504356370440351,0.6464146109992888,0.44442844084541755,0.938535269872081,0.3885155823329425,0.011253449831221226,0.20146451055967507,0.0,0.0,78.0,0.012729018937497338,0.0,4.0639530528675426e-16,7.937408306381919e-16
independent_signals,20260912,0.0007969589672999504,0.008179971883867725,0.5146831578127908,0.3678898855912819,-0.2267068993681165,0.5548464404618899,0.008409561718074996,0.13150857594103005,0.0,0.0,65.0,0.008110173278158328,0.0,6.773255088112571e-16,5.291605537587946e-16
independent_signals,20260913,0.00040893810352001127,0.006252432280378713,0.6441193976864796,0.3628660447265934,0.07095611034454041,0.5186185672478433,0.00868411940223893,0.17578564138132158,0.0,0.0,62.0,0.00467787989529489,0.0,8.127906105735085e-16,5.291605537587946e-16
independent_signals,20260914,0.0004000805315755649,0.007038212496012228,0.5137432437542888,0.22297509462760004,0.12887361747235282,0.6617890058126198,0.008182961597873325,0.10655500358158032,0.0,0.0,53.0,0.0030394692520827604,0.0,5.418604070490057e-16,1.0583211075175892e-15
independent_signals,20260915,-0.00011147638711722153,0.008956649884976972,0.5471814523481054,0.24367484096704142,0.3647702190171578,0.26358610759076967,0.012029718416163833,0.2602959894593022,0.0,0.0,49.0,0.014356876360023252,0.0,4.0639530528675426e-16,5.291605537587946e-16
independent_signals,20260916,0.0007709148571551978,0.007278895711772073,0.5138846556453049,0.2847422545425486,0.19779478530344763,0.295634014649322,0.010596108387371843,0.1332665195177355,0.0,0.0,56.0,0.010204483588060365,0.0,6.773255088112571e-16,5.291605537587946e-16
independent_signals,20260917,-0.00012847102523657128,0.011043062408131767,0.4763903419133414,0.24247580010395087,1.7113036590960071,0.3578741563028184,0.010822883494014453,0.27289086467100676,0.0,0.0,36.0,0.01557180792660251,0.0,9.482557123357599e-16,1.98435207659548e-15
independent_signals,20260918,0.0015312924295543412,0.007261222782045789,0.6553155348449932,0.3631884189748498,-0.36762272786535233,0.37002274090596604,0.011993546206430011,0.133432856777285,0.0,0.0,55.0,0.013483513596141306,0.0,5.418604070490057e-16,3.9687041531909596e-16
independent_signals,20260919,-0.0003429980711394087,0.008967814794477898,0.6023373844395093,0.31233061450861815,-0.16661069531975503,0.4874586016467918,0.010237708044664865,0.2343232647496768,0.0,0.0,48.0,0.010439508062421776,0.0,8.127906105735085e-16,6.614506921984932e-16
independent_signals,20260920,-0.0002965957508321111,0.007475619741433222,0.4506846031189804,0.24897593409264773,0.26207411157861316,0.7051718119739004,0.007108235280929085,0.10720071815813259,0.0,0.0,59.0,0.0033974113537533768,0.0,6.773255088112571e-16,6.614506921984932e-16
independent_signals,20260921,0.0012604541279156898,0.0070684117950214976,0.5386844523192342,0.32696666093463855,-0.0067924159061205636,0.482722388684426,0.009298299891223325,0.10613753486441235,0.0,0.0,93.0,0.013149109889525112,0.0,5.418604070490057e-16,9.260309690778906e-16
independent_signals,20260922,0.001461042597983056,0.007729223802993904,0.5741461855382355,0.44670736687062834,0.5471023190288506,0.4365486498479322,0.01008744992901764,0.13667907529616852,0.0,0.0,82.0,0.023210617534405342,0.0,9.482557123357599e-16,2.645802768793973e-16
independent_signals,20260923,0.0007592728629262773,0.0071472443928442654,0.5111668627140563,0.27286516165956576,-0.15592012685190637,0.6086910174419375,0.008387555919028749,0.07800205628073698,0.0,0.0,55.0,0.00648573686102627,0.0,6.773255088112571e-16,5.291605537587946e-16
independent_signals,20260924,0.0015592203683449028,0.00744868005641449,0.5629916596815036,0.5019657863322434,1.8323575880265448,0.5649008581866217,0.008964459662871113,0.10330444306260134,0.0,0.0,54.0,0.0229148923350051,0.0,9.482557123357599e-16,3.9687041531909596e-16
independent_signals,20260925,0.0015120081042419428,0.0072425569425432395,0.5368743865254333,0.21779047160296414,0.044871020424909425,0.5089342674810227,0.009636077344465793,0.1423454752266311,0.0,0.0,47.0,0.017221457050349942,0.0,5.418604070490057e-16,6.614506921984932e-16
independent_signals,20260926,0.001151348012251173,0.007240695652941088,0.5087790973610592,0.29371872791454734,-0.31085332584808123,0.5528911659502708,0.008704341385295092,0.08338659212833832,0.0,0.0,74.0,0.012458858728631839,0.0,1.3546510176225143e-15,7.937408306381919e-16
independent_signals,20260927,-0.0004084934144362435,0.008188220164195225,0.49724669365646995,0.14279490769324005,0.02990245429635152,0.435121442395367,0.010265108834705012,0.22442239077941784,0.0,0.0,39.0,0.009507760483407957,0.0,5.418604070490057e-16,3.9687041531909596e-16
independent_signals,20260928,0.001041079013510089,0.007012066156164512,0.5095709379483541,0.2554753442899366,-0.1230020794259401,0.5631789214052357,0.00893247818723977,0.14792200842378533,0.0,0.0,68.0,0.010275466186240978,0.0,1.0837208140980114e-15,7.937408306381919e-16
independent_signals,20260929,0.0006693798111724405,0.008398921031275217,0.6379613686080524,0.40409323320283047,0.05182767800343102,0.478837555174076,0.010394743820873577,0.19899358859986127,0.0,0.0,59.0,0.009522393043632338,0.0,5.418604070490057e-16,1.0583211075175892e-15
independent_signals,20260930,0.0007637477942074326,0.008285601790649697,0.583604838220918,0.3575806922054084,-0.21334865722720897,0.39052267893934345,0.01133784950343844,0.1523741552601373,0.0,0.0,47.0,0.009296642196107818,0.0,5.418604070490057e-16,5.291605537587946e-16
independent_signals,20260931,0.00020305288322310843,0.008547466550151525,0.5413530052351104,0.2644982668117571,0.15777123433069384,0.4842434614206102,0.009176775784418017,0.15910112716875724,0.0,0.0,50.0,0.006640344541278154,0.0,6.773255088112571e-16,6.614506921984932e-16
independent_signals,20260932,0.0015099129803202373,0.006883653702158675,0.6644415202120731,0.4551093371788547,0.20766745708091072,0.4284654269528971,0.010514323629610332,0.15793582602477885,0.0,0.0,90.0,0.01552319449011641,0.0,5.418604070490057e-16,1.1906112459572878e-15
fixed_participation,20260901,0.0007875310980845249,0.0071777880377740235,0.43952735925314357,0.16975379260572443,-0.3123033164104223,0.43461780456992416,0.0133970659823058,0.21200532754838386,0.0,0.0,71.0,0.006964437157682024,0.0,2.7093020352450284e-16,5.291605537587946e-16
fixed_participation,20260902,0.00026132646217522646,0.008141759036481443,0.4398373478199567,0.1628648598383524,0.1999439461132071,0.44135973971910075,0.014377381707132016,0.10116832304681644,0.0,0.0,94.0,0.0055131432876498465,0.0,6.773255088112571e-16,6.614506921984932e-16
fixed_participation,20260903,0.0006030383487991208,0.0071246186375702085,0.33061247994045007,0.18777651684544303,0.09599411061387109,0.48383542830638215,0.011633310714245282,0.10226194220301232,0.0,0.0,83.0,0.007164543808988899,0.0,5.418604070490057e-16,7.937408306381919e-16
fixed_participation,20260904,-0.00036553585752346505,0.009029272503793498,0.48208977985397783,0.2020620461298413,0.5698904354388059,0.4215810149130034,0.014123959854742909,0.29757644731921695,0.0,0.0,73.0,0.009616683609233068,0.0,8.127906105735085e-16,9.260309690778906e-16
fixed_participation,20260905,-0.0004072379945404094,0.007702821641209914,0.3692906240503046,0.07108303912572457,0.07055704520295603,0.5005759937906672,0.012406481805409321,0.22601171462293068,0.0,0.0,43.0,0.007274271283132627,0.0,9.482557123357599e-16,1.0583211075175892e-15
fixed_participation,20260906,0.0010282901431946207,0.0072272312430730805,0.4644611608446459,0.23137412220598527,0.3147094620826265,0.46064364925696843,0.01253221766756436,0.1445776724201553,0.0,0.0,42.0,0.012105702375553085,0.0,5.418604070490057e-16,2.645802768793973e-16
fixed_participation,20260907,-0.00015501137839698132,0.008440770864247271,0.3688076471019671,0.1451852206238184,0.2812123074857902,0.5709556294900971,0.012049388511685962,0.18375341078777596,0.0,0.0,57.0,0.005853341348308394,0.0,1.2191859158602628e-15,5.291605537587946e-16
fixed_participation,20260908,-0.0015799692260677603,0.00877919138772459,0.31660858733498803,0.11115587090900722,-0.363280143209209,0.3413466589983099,0.011468001945700789,0.3334181773586262,0.0,0.0,32.0,0.009434208077157002,0.0,1.3546510176225143e-15,3.9687041531909596e-16
fixed_participation,20260909,-0.00015252372590470386,0.007783046758263326,0.44875156409917255,0.09114785487747963,-0.37859840775556863,0.4506228968608508,0.01305978075405956,0.15590377438607328,0.0,0.0,44.0,0.006675844179180768,0.0,8.127906105735085e-16,5.291605537587946e-16
fixed_participation,20260910,0.0010807040407423685,0.006881532784454693,0.37401138674480194,0.16128435246304396,-0.12192543120516053,0.44491038349403433,0.010961258218186632,0.10080340940064425,0.0,0.0,71.0,0.007964322569098181,0.0,8.127906105735085e-16,5.291605537587946e-16
fixed_participation,20260911,0.0006799328583764108,0.007982970050882348,0.48155261338940697,0.24604215499926196,0.34498177869322166,0.48045400167644714,0.01457393282088981,0.1839326885197029,0.0,0.0,80.0,0.0076671983905201024,0.0,9.482557123357599e-16,5.291605537587946e-16
fixed_participation,20260912,0.0008006253529460779,0.006951857557187085,0.3233048175362221,0.13190448525742254,0.15398740376683406,0.4847692457444524,0.010841243900249894,0.11069649332859521,0.0,0.0,59.0,0.006935381223585946,0.0,5.418604070490057e-16,6.614506921984932e-16
fixed_participation,20260913,0.00038269334503428356,0.006605697237713776,0.3768603937145904,0.07360574188093172,-0.182011538798438,0.45266525247242123,0.01144715382034495,0.172167320491717,0.0,0.0,56.0,0.0038654145067369416,0.0,5.418604070490057e-16,9.260309690778906e-16
fixed_participation,20260914,0.00048341137268388223,0.006706914906827988,0.23084383407374007,0.06104118112711053,0.09001841848477987,0.5640113906140756,0.010636131486759836,0.10301682642261556,0.0,0.0,54.0,0.002158295710156022,0.0,2.7093020352450284e-16,5.291605537587946e-16
fixed_participation,20260915,-8.929366533995164e-05,0.00811159040622503,0.4217956968868344,0.10942540333448034,-0.4768484228089558,0.285082288377717,0.01325670332001882,0.2571133560790635,0.0,0.0,51.0,0.00941986384064486,0.0,4.0639530528675426e-16,5.291605537587946e-16
fixed_participation,20260916,0.0007407732929040449,0.007171365262839902,0.3836986415996801,0.11142648512683008,0.14739304631250283,0.4199676119377346,0.012353895913809254,0.1327084503834559,0.0,0.0,57.0,0.00873668603748512,0.0,2.7093020352450284e-16,3.9687041531909596e-16
fixed_participation,20260917,-0.0001668153732850719,0.0091436514220357,0.3668445499407582,0.11952444293289725,0.5647098945913367,0.5357594044114474,0.013519196887789572,0.26774503723713183,0.0,0.0,45.0,0.007565423910275371,0.0,5.418604070490057e-16,7.937408306381919e-16
fixed_participation,20260918,0.00149937616862832,0.007278749258316949,0.47464786734345465,0.15510236552000076,-0.10995800683563806,0.3375659022626562,0.015590211555485473,0.1391140767092388,0.0,0.0,52.0,0.01129878603672041,0.0,5.418604070490057e-16,7.937408306381919e-16
fixed_participation,20260919,-0.0003162715377644432,0.008020440476243148,0.4669299021015562,0.1794207640571835,-0.06772488070756211,0.49507275275373,0.012813842705656343,0.2180146051693278,0.0,0.0,61.0,0.005741340096205194,0.0,9.482557123357599e-16,1.0583211075175892e-15
fixed_participation,20260920,-0.00033658757368229786,0.00706769206417619,0.2566135679294978,0.07779975739407526,-0.36421671191071425,0.5683693911816327,0.010187208391084154,0.11262875701614583,0.0,0.0,53.0,0.004017159602692555,0.0,8.127906105735085e-16,1.0583211075175892e-15
fixed_participation,20260921,0.0012577474050029095,0.006637139060921993,0.3724937065039984,0.19721052052237456,0.2771438295218531,0.4662202356035838,0.01119355190189897,0.08777837939941768,0.0,0.0,84.0,0.010474415046897834,0.0,9.482557123357599e-16,9.260309690778906e-16
fixed_participation,20260922,0.001442466771946762,0.006966308102465059,0.42980581571559673,0.11598490740400459,-0.1423703752154939,0.46363931257157753,0.011263846955834083,0.12853109909933302,0.0,0.0,87.0,0.016715129563920295,0.0,1.0837208140980114e-15,1.0583211075175892e-15
fixed_participation,20260923,0.0007987392070559771,0.0068173840687313116,0.2817532510138254,0.02320052426104867,-0.29820123021534695,0.4685722221888135,0.012632917688528558,0.07881956828064574,0.0,0.0,60.0,0.005779681436212103,0.0,5.418604070490057e-16,9.260309690778906e-16
fixed_participation,20260924,0.0015764944261496261,0.007073679824424276,0.3938314872289211,0.18710137159018891,0.012587810247513875,0.4882636056642723,0.011169451984204312,0.08163297533526936,0.0,0.0,61.0,0.01592006936278434,0.0,8.127906105735085e-16,9.260309690778906e-16
fixed_participation,20260925,0.0015157041160999824,0.006712039999315952,0.3597893002157894,0.15604203937222652,-0.29813140264523375,0.5052171565937243,0.012083296298108724,0.14217949979118172,0.0,0.0,41.0,0.01154010015500595,0.0,1.7610463229092685e-15,5.291605537587946e-16
fixed_participation,20260926,0.0011328575109722649,0.006789848167962815,0.40039187231223183,0.15134117696570085,-0.10730524765528848,0.47911968719173853,0.011775835691013918,0.07826703720349937,0.0,0.0,67.0,0.009224316317411274,0.0,5.418604070490057e-16,1.0583211075175892e-15
fixed_participation,20260927,-0.0004595997475107758,0.007754728972749078,0.292309533822134,0.028969307603499667,0.42526115543884835,0.47234348505393736,0.012140254213318439,0.21883969661599156,0.0,0.0,33.0,0.006770319220497534,0.0,8.127906105735085e-16,1.3229013843969864e-15
fixed_participation,20260928,0.0010036156623797474,0.0068489210609440545,0.3587141155335571,-0.0010355826795874661,0.07406817071432847,0.504525642654918,0.01135106494817923,0.1315825519627647,0.0,0.0,69.0,0.007129696083155945,0.0,9.482557123357599e-16,6.614506921984932e-16
fixed_participation,20260929,0.0006703155630411395,0.0076378635464831755,0.41277767294625783,0.16223600976586006,-0.27588109345496203,0.4471234976482841,0.012589846079028475,0.1948749675282213,0.0,0.0,70.0,0.006936276500815408,0.0,5.418604070490057e-16,1.0583211075175892e-15
fixed_participation,20260930,0.0007487081059900297,0.007509571111658262,0.42917771019340445,0.15810423709390478,0.2922845087394319,0.4347856117399923,0.013660757488826983,0.14662426590879873,0.0,0.0,51.0,0.007586527650333075,0.0,8.127906105735085e-16,3.9687041531909596e-16
fixed_participation,20260931,0.0002115281609444146,0.007182651021110798,0.4283571377496755,0.1812384237324847,-0.1540557824906581,0.40993552121143556,0.012052782096900284,0.14124299578644273,0.0,0.0,58.0,0.004075193117655473,0.0,1.3546510176225143e-15,5.291605537587946e-16
fixed_participation,20260932,0.0014796706369612736,0.006278982205265882,0.4215584243140416,0.1441878974039037,0.06331829509762166,0.46794170218728953,0.012191354943978612,0.1417826798834736,0.0,0.0,87.0,0.010578243556411238,0.0,1.0837208140980114e-15,1.1906112459572878e-15
liquidity_stress,20260901,0.0007695962878353875,0.034513748708422706,-0.5175409259571708,0.4201976816468769,0.9092695686849392,0.6932550301424221,0.018887043046032313,0.25729306687552644,0.0,0.072,89.0,0.00948413065801601,0.0,5.418604070490057e-16,6.614506921984932e-16
liquidity_stress,20260902,-8.68910667529832e-06,0.05191640612590324,-0.7271078816982108,0.4857411200395523,-0.3048530550962867,0.6498000215283457,0.02406825850315737,0.21015050773945831,0.0,0.16,186.0,0.01081327493510531,0.0,6.773255088112571e-16,7.937408306381919e-16
liquidity_stress,20260903,0.0008190577789242504,0.037023741279900164,-0.41747251660331813,0.16726833402644173,0.09651881602498547,0.4475725716643828,0.021124482064392103,0.16376479525129528,0.0,0.088,68.0,0.016428713183745502,0.0,1.2191859158602628e-15,6.614506921984932e-16
liquidity_stress,20260904,-0.0005328478494968075,0.049961536468890205,-0.5435671651599805,0.35323882172908966,0.24508610514421747,0.5156240067035815,0.02585007937058094,0.37404314356970125,0.00398406374501992,0.14,66.0,0.024444941968727596,0.0,8.127906105735085e-16,7.937408306381919e-16
liquidity_stress,20260905,-0.00019782999739886975,0.05520662990725656,-0.7865739875953123,0.6631388660489379,0.4803572649840562,0.8017710382438153,0.02290686198365546,0.29396009987362126,0.0,0.152,36.0,0.013200316244148524,2.0,5.418604070490057e-16,1.5874816612763839e-15
liquidity_stress,20260906,0.006272282174832014,0.04140918334766046,-0.02377227994495521,0.7035410461275123,2.2788902196411724,0.6951109273211775,0.3489066510637532,0.18427401393820297,0.26294820717131473,0.048,78.0,0.3059713367883039,4.0,5.418604070490057e-16,7.937408306381919e-16
liquidity_stress,20260907,-6.409661016892443e-06,0.055070247898951666,-0.7548395744772604,0.5855385766262929,0.10939125911683201,0.7533558763016068,0.023590472202154347,0.27601514553625606,0.0,0.172,81.0,0.00679848603876354,2.0,8.127906105735085e-16,1.0583211075175892e-15
liquidity_stress,20260908,-0.0014861638756769012,0.05823948381489811,-0.732193865971852,0.4082649555356182,-0.5695875213728652,0.5086672952729785,0.02881720420421733,0.37047154746107924,0.0,0.224,74.0,0.02990513267364192,1.0,8.127906105735085e-16,5.291605537587946e-16
liquidity_stress,20260909,-0.00014440093061381633,0.047294524301203164,-0.7009366750060713,0.6033537335451195,1.078740482934804,0.744132266891277,0.021184657237934,0.2154852383552548,0.0,0.128,107.0,0.009881940470167772,0.0,5.418604070490057e-16,1.1906112459572878e-15
liquidity_stress,20260910,0.0009613210045947582,0.03648740255691908,-0.5798845734926631,0.5357928568831296,1.9556293754675291,0.7480756333885448,0.016650482861297104,0.1769248969605116,0.0,0.068,119.0,0.012662423667522349,1.0,1.3546510176225143e-15,1.1906112459572878e-15
liquidity_stress,20260911,0.0004711562055167491,0.04116060305144749,-0.6360711986862297,0.5762688953387394,1.9412727907209142,0.6841639339354979,0.019626838769203122,0.22671852251017777,0.0,0.084,121.0,0.014439042467281116,0.0,5.418604070490057e-16,5.291605537587946e-16
liquidity_stress,20260912,0.0006857501780346276,0.04373399455642772,-0.6935525558044807,0.5595587847905021,0.3519546253555701,0.792757696036705,0.018732057563870506,0.16900898044246015,0.0,0.12,164.0,0.014831575274564912,0.0,2.7093020352450284e-16,3.9687041531909596e-16
liquidity_stress,20260913,0.0005897873019043552,0.04388889751470761,-0.7323901667505136,0.6521172206431612,0.6913249944176219,0.7691059770852648,0.018741832937226324,0.23546537212828034,0.0,0.112,159.0,0.008903612064043998,0.0,5.418604070490057e-16,7.937408306381919e-16
liquidity_stress,20260914,0.0005570609446011119,0.042051415902654786,-0.6685893055071513,0.6225406420849345,0.7275074172133014,0.8811853531057392,0.017090106031195724,0.16979189403239758,0.0,0.116,169.0,0.009602587746277758,0.0,4.0639530528675426e-16,5.291605537587946e-16
liquidity_stress,20260915,-0.00016632315643527206,0.04673510679948795,-0.510381061012801,0.36451464771312553,0.3456950802150578,0.38781849221372966,0.03078579518353099,0.28432225535457634,0.00398406374501992,0.164,66.0,0.026748558435171654,0.0,5.418604070490057e-16,6.614506921984932e-16
liquidity_stress,20260916,0.0007555737127910262,0.03703076757628048,-0.5481254901220524,0.35105398338562016,0.47984230518921667,0.5128321753736655,0.0199973094480135,0.1674738544241824,0.0,0.068,56.0,0.010567782374423684,0.0,9.482557123357599e-16,5.291605537587946e-16
liquidity_stress,20260917,6.750643310495973e-05,0.04546298428893227,-0.4681546301923627,0.3659647102606433,0.23744456576184358,0.49265491461093147,0.027619042688285876,0.31342873747819844,0.03187250996015936,0.148,41.0,0.03553117347164281,0.0,4.0639530528675426e-16,7.937408306381919e-16
liquidity_stress,20260918,0.0014549891684575301,0.03996966745497831,-0.6652070450944023,0.5810524203301525,0.276865567369327,0.6817787073894037,0.019562548360170906,0.2149911141576757,0.0,0.116,199.0,0.019764837856875772,0.0,1.0837208140980114e-15,5.291605537587946e-16
liquidity_stress,20260919,-0.00026572977537473006,0.04351916210042266,-0.5819632472987061,0.4287401344543557,0.21764052202036765,0.606772586215425,0.021215290640028653,0.29029447117112595,0.0,0.116,58.0,0.012160806861187368,0.0,9.482557123357599e-16,3.9687041531909596e-16
liquidity_stress,20260920,-0.00036451336102781085,0.04451465596318553,-0.7039876556738476,0.5042253979474459,0.24256273573304954,0.7736499654281823,0.018862592731701332,0.18592325594433234,0.0,0.132,58.0,0.011135406430798245,0.0,4.0639530528675426e-16,1.0583211075175892e-15
liquidity_stress,20260921,0.0038282348620836577,0.030909853067109663,-0.1018485039885133,0.5157115586044242,1.2677537289006269,0.5776547512890203,0.12700529637070415,0.22243806297014623,0.1593625498007968,0.02,180.0,0.1996740047178469,0.0,5.418604070490057e-16,1.3229013843969864e-15
liquidity_stress,20260922,0.004966528682656165,0.03764617711241861,0.08440588201835249,0.7851703001417385,3.7759911061763667,0.7435666350840836,0.32701099998006233,0.21695008048722642,0.3107569721115538,0.048,140.0,0.26388808490593507,5.0,8.127906105735085e-16,5.291605537587946e-16
liquidity_stress,20260923,0.0005053296556256619,0.04901765943129775,-0.7445076446702117,0.618775193300908,0.44108390425703314,0.7566548942145379,0.021761346862581143,0.17858223955436991,0.0,0.148,169.0,0.012305771163543033,0.0,9.482557123357599e-16,7.937408306381919e-16
liquidity_stress,20260924,0.0018964498516029096,0.03550415719805164,-0.5697971038026505,0.5126513977787759,0.8212410168776825,0.674253462513867,0.019962236641411023,0.1888729468346917,0.0,0.072,150.0,0.05867610154111458,0.0,6.773255088112571e-16,6.614506921984932e-16
liquidity_stress,20260925,0.0016065745982834514,0.028659810256196527,-0.5460185090868751,0.5667722934819531,2.670799382103466,0.6964866370799461,0.015969941948032345,0.16704598008435312,0.0,0.044,126.0,0.023394652457902954,0.0,5.418604070490057e-16,1.3229013843969864e-15
liquidity_stress,20260926,0.0011531173735429832,0.03007740380274238,-0.5488845214593241,0.5105544831347063,1.375326034487916,0.6837749977585327,0.016732274252118644,0.11977024511244128,0.0,0.048,123.0,0.025052332342431205,0.0,5.418604070490057e-16,7.937408306381919e-16
liquidity_stress,20260927,-0.0004220176777634421,0.056724123897048645,-0.7717113891562343,0.6183313106012305,-0.10144175631008068,0.7880992971243042,0.024171473505581728,0.3429159966838152,0.0,0.172,71.0,0.011400405086222865,1.0,1.0837208140980114e-15,5.291605537587946e-16
liquidity_stress,20260928,0.0008685409435130147,0.033138952031406294,-0.6093547975551015,0.6002488901682895,1.9577579859267518,0.8099932627109642,0.015477215823120952,0.16186267311924118,0.0,0.076,133.0,0.011621330109664596,0.0,2.7093020352450284e-16,3.9687041531909596e-16
liquidity_stress,20260929,0.0008087675530044152,0.03728728813299279,-0.5735626854880926,0.5129415262514703,0.8504422001842746,0.6902452936416774,0.017960266797102917,0.25887963527199875,0.0,0.072,123.0,0.009284995355247183,0.0,1.0837208140980114e-15,5.291605537587946e-16
liquidity_stress,20260930,0.0009642930782587698,0.03515867520332227,-0.541477392610412,0.4454385036069318,1.4588184067294048,0.6817345737279024,0.018385729610681547,0.19248890457922552,0.0,0.08,117.0,0.012226662248425946,0.0,6.773255088112571e-16,6.614506921984932e-16
liquidity_stress,20260931,0.00022332155206754577,0.04414293833916685,-0.6910354832314812,0.5866513873767301,0.6587383985803443,0.7400966915821956,0.01950390110751664,0.20614124614556883,0.0,0.1,131.0,0.0065461108599838,0.0,6.773255088112571e-16,1.0583211075175892e-15
liquidity_stress,20260932,0.001522061253456755,0.009992060223489278,0.1584197301326753,0.049316154636691346,0.110830424866188,0.3346159116930533,0.01178245563129903,0.15501854503828838,0.0,0.0,90.0,0.021876637640086072,0.0,8.127906105735085e-16,5.291605537587946e-16
concentrated_wealth,20260901,0.0007496993955452708,0.012895630423613467,0.13583083582696479,0.10239838132768884,0.5030298379800828,0.4815579901920886,0.01169710254068011,0.23496525472267882,0.0,0.0,61.0,0.5079950918647615,0.0,5.418604070490057e-16,9.260309690778906e-16
concentrated_wealth,20260902,0.00018487694676842993,0.016877864130602233,-0.05244545052896359,0.0326867203456499,0.7457891271756143,0.46099628829346473,0.01205669274557626,0.13800322638711515,0.0,0.0,76.0,0.5115651259209875,0.0,1.0837208140980114e-15,6.614506921984932e-16
concentrated_wealth,20260903,0.0006604497364536712,0.014422771703193006,0.041061094215559,0.14125573102061045,0.3846820029320699,0.42947552735102645,0.012277984594559326,0.11132982995799912,0.0,0.0,78.0,0.5298316199980018,0.0,4.0639530528675426e-16,5.291605537587946e-16
concentrated_wealth,20260904,-0.0004379446537586738,0.01846421409848853,-0.013472693672062455,0.04238497128000925,0.7909472188823696,0.3254621339257862,0.01730957482724694,0.33068471560245105,0.0,0.008,85.0,0.5188448215673327,0.0,6.773255088112571e-16,5.291605537587946e-16
concentrated_wealth,20260905,-0.0003538540317894068,0.01621102366204237,-0.1091226682549421,0.16135109165493314,0.07548585146456555,0.49500041459027894,0.012190041744363162,0.2510683512160037,0.0,0.0,48.0,0.5065175819012941,0.0,6.773255088112571e-16,1.5874816612763839e-15
concentrated_wealth,20260906,0.001044359850934292,0.012550999388877753,0.06531916804950991,0.017605893713753314,0.22993242190489083,0.39989506694375826,0.01229674076880932,0.181462617778542,0.0,0.0,48.0,0.5151991648015959,0.0,8.127906105735085e-16,1.0583211075175892e-15
concentrated_wealth,20260907,-4.150235295690763e-05,0.017473823974279424,-0.032539326867398,0.07205556882614372,0.6839775430519293,0.5123029692545955,0.012298820822159582,0.2037817090421088,0.0,0.004,51.0,0.526185566978008,0.0,2.7093020352450284e-16,6.614506921984932e-16
concentrated_wealth,20260908,-0.001472218043584423,0.02170586135497338,-0.23409994854498153,0.03896321571318715,-0.2047699565937937,0.3852435559488478,0.014196038136797134,0.3538727723295585,0.0,0.008,16.0,0.5209313189163884,0.0,1.0837208140980114e-15,6.614506921984932e-16
concentrated_wealth,20260909,-0.00015651312290660256,0.01561263616605657,0.013006129250530784,0.038996923850805866,-0.18044424484882793,0.44161195595998076,0.011182926093268626,0.17637793920042466,0.0,0.0,57.0,0.5095060854656073,0.0,4.0639530528675426e-16,9.260309690778906e-16
concentrated_wealth,20260910,0.0010869049828376802,0.014313007247547757,-0.03815257568817291,0.22063658765668323,0.06913219183766328,0.47777801877701376,0.011422899262796174,0.13663626088964964,0.0,0.0,85.0,0.5134911182269724,0.0,2.7093020352450284e-16,3.9687041531909596e-16
concentrated_wealth,20260911,0.0006831064832176743,0.015144093384573464,0.0002807151769347964,0.3148352881458122,0.7926295092874236,0.426446298573173,0.013262739995336502,0.21598719008631084,0.0,0.0,102.0,0.5067934418383118,0.0,5.418604070490057e-16,7.937408306381919e-16
concentrated_wealth,20260912,0.0007933230767385631,0.012799651350200301,0.06219671131787887,0.01572483318549544,0.13265995450831491,0.5297862035114016,0.009262650795136766,0.13654957735218964,0.0,0.0,56.0,0.5068628100781432,0.0,4.0639530528675426e-16,9.260309690778906e-16
concentrated_wealth,20260913,0.0004410926111214124,0.011069816764407383,0.10060684950148688,-0.01424435226910546,-0.36258840711858964,0.41443330794511174,0.010778881459273606,0.18078181443583397,0.0,0.0,88.0,0.522124860645282,0.0,6.773255088112571e-16,1.0583211075175892e-15
concentrated_wealth,20260914,0.00034440999659572213,0.018188625791236358,-0.22792096880037505,0.07643451439464781,0.12844065762895784,0.7291516704242712,0.008659921377639749,0.1326264802738676,0.0,0.004,108.0,0.5498708023394825,0.0,1.3546510176225143e-15,5.291605537587946e-16
concentrated_wealth,20260915,-0.00011473814522054937,0.018267613778220185,-0.13401604266769707,0.00862758728164481,-0.39674489478169495,0.3264197557300827,0.014624522653249863,0.2641153700602906,0.0,0.0,44.0,0.519460379914706,0.0,8.127906105735085e-16,7.937408306381919e-16
concentrated_wealth,20260916,0.0007388147894653621,0.014197105773963041,-0.01651760818425174,-0.020700190514338537,0.2509374844586203,0.3152194528161847,0.013635095472661793,0.14789173368787412,0.0,0.0,33.0,0.5237724574328055,0.0,8.127906105735085e-16,5.291605537587946e-16
concentrated_wealth,20260917,-8.046278296526665e-05,0.023070420613257897,-0.1916819304681893,0.18948214115321782,0.6544262763026354,0.47441508258793813,0.016312972072864203,0.30014703040201296,0.0,0.008,39.0,0.5174833602917788,0.0,6.773255088112571e-16,3.9687041531909596e-16
concentrated_wealth,20260918,0.0014782458390094533,0.012569127152546634,0.11067442511198748,-0.014675033433241329,0.2827779234719836,0.374200557217761,0.014244952126092641,0.1664333458081112,0.0,0.0,97.0,0.5177342772374414,0.0,5.418604070490057e-16,5.291605537587946e-16
concentrated_wealth,20260919,-0.0003526449846726116,0.015032046862596982,0.09794296644310653,0.10836492007818105,0.29060407150666423,0.44837051113823745,0.01129721375883353,0.2443929741864448,0.0,0.0,65.0,0.5277066992421147,0.0,4.0639530528675426e-16,5.291605537587946e-16
concentrated_wealth,20260920,-0.00037887615405476894,0.014391102384938693,-0.07596172033914007,0.03709430550649429,-0.24464074065600094,0.5819315852780697,0.008510637155270253,0.1294760852170821,0.0,0.0,21.0,0.5344327288972142,0.0,4.0639530528675426e-16,7.937408306381919e-16
concentrated_wealth,20260921,0.001247833918543467,0.010838258193372604,0.16469969423573172,0.0460216039218671,0.2778704280918496,0.36367035168119055,0.010084709354662083,0.1099287092860064,0.0,0.0,110.0,0.5478331524710072,0.0,2.7093020352450284e-16,1.3229013843969864e-15
concentrated_wealth,20260922,0.00147891171215932,0.012222189898671357,0.14832244967215683,-0.0019440329993987715,0.18127044199880915,0.31350408171628386,0.016611871549341715,0.157370624156428,0.0,0.0,88.0,0.5236526549162568,0.0,5.418604070490057e-16,5.291605537587946e-16
concentrated_wealth,20260923,0.0007383756119315059,0.013738069333924015,-0.06200064752164463,0.05281042815236946,-0.16543074618073117,0.43813470310536434,0.010477245463216746,0.09808851197227453,0.0,0.0,96.0,0.4976335991514642,0.0,9.482557123357599e-16,3.9687041531909596e-16
concentrated_wealth,20260924,0.0016078816529863857,0.012736366129448872,0.09299400766818948,0.11065298960269854,-0.0984846792951215,0.41945066964374095,0.012040230044774404,0.13549231054835864,0.0,0.0,85.0,0.5136294842357458,0.0,2.7093020352450284e-16,3.9687041531909596e-16
concentrated_wealth,20260925,0.0015692173216561329,0.01396990716457891,-0.08129865850542345,0.025190589239256225,-0.24469080991203285,0.4286082025149294,0.01205807366466828,0.15760398552695287,0.0,0.0,86.0,0.506710877272118,0.0,2.7093020352450284e-16,5.291605537587946e-16
concentrated_wealth,20260926,0.0011464709516836003,0.013052548881051078,0.047597565954496185,0.04986262628224576,-0.2372611478782347,0.4534347626661245,0.011388340878172896,0.09889840861374599,0.0,0.0,59.0,0.5154922011968279,0.0,8.127906105735085e-16,5.291605537587946e-16
concentrated_wealth,20260927,-0.00039852436050844274,0.018814413134388436,-0.24069958503685043,0.2869249655554899,1.186988191496546,0.6510789415726144,0.011254054552623948,0.25730761869470253,0.0,0.012,17.0,0.5179459161458686,0.0,4.0639530528675426e-16,6.614506921984932e-16
concentrated_wealth,20260928,0.0009960109373136953,0.013594880643279692,0.06284965277263799,-0.030661090185361665,-0.0690497914868815,0.49284377555578057,0.011259612343631058,0.15316316661906004,0.0,0.0,81.0,0.5309798546778632,0.0,8.127906105735085e-16,2.645802768793973e-16
concentrated_wealth,20260929,0.0007416064218431834,0.017638631334783196,-0.11531935205886452,0.0886636107203694,-0.018044228719683808,0.4834108514731467,0.011962070263477825,0.2225662279031877,0.0,0.0,99.0,0.5041038983576347,0.0,8.127906105735085e-16,5.291605537587946e-16
concentrated_wealth,20260930,0.0007663761260521262,0.013839397651017158,0.06789143344278291,0.03165819210154078,0.6894016513873003,0.33714739904249796,0.013504288068909038,0.1604989914963203,0.0,0.0,76.0,0.5335016680617379,0.0,6.773255088112571e-16,3.9687041531909596e-16
concentrated_wealth,20260931,0.00020299078769010849,0.01432300773723206,0.14646556639196745,0.09590870577883327,-0.1021605129065355,0.5113615462346814,0.009760171397617045,0.17450434230567913,0.0,0.0,50.0,0.5302479409599177,0.0,5.418604070490057e-16,1.0583211075175892e-15
concentrated_wealth,20260932,0.0015308549725278518,0.009344186555941726,0.21887712119278155,0.13456757301173455,0.21180961235619078,0.27556058425170366,0.012902562615282852,0.15773643078548094,0.0,0.0,87.0,0.5123287371016592,0.0,1.4901161193847656e-15,1.4551915228366853e-15
garch_t_control,20260901,0.000355378961153459,0.00985679229127525,0.04990270507411342,0.014037897554643939,0.5570921820480677,0.35010961838368976,0.009537085465524887,0.15620410032287724,0.0,0.0,59.0,0.006972160461447885,0.0,9.482557123357599e-16,2.645802768793973e-16
garch_t_control,20260902,9.387783019846196e-05,0.011887477691501747,-0.0782349724571008,0.015397165126543924,-0.310920951188951,0.4059382157433145,0.010395004072413741,0.15030938744708489,0.0,0.0,64.0,0.005449198459141602,0.0,8.127906105735085e-16,6.614506921984932e-16
garch_t_control,20260903,0.0003639736562976132,0.013596291712982494,0.02194992017219342,0.29747174365559303,0.4545874944858954,0.49517675984242276,0.01363748906247652,0.19031350431085103,0.0,0.0,76.0,0.01873614431288262,0.0,4.0639530528675426e-16,1.3229013843969864e-15
garch_t_control,20260904,-0.0002534268757925915,0.02577668465329278,-0.15267941869813154,0.19565894242554732,0.21862796095536385,0.443007350047259,0.019392006459616137,0.2370611894480683,0.0,0.028,111.0,0.019072578056837486,0.0,5.418604070490057e-16,6.614506921984932e-16
garch_t_control,20260905,3.4518429627411254e-05,0.012207334671491632,-0.12027527687525255,0.08843864912568858,-0.1482369000556556,0.47853225948779565,0.010108339425973637,0.16410284710152512,0.0,0.0,27.0,0.005470918864245444,0.0,5.418604070490057e-16,6.614506921984932e-16
garch_t_control,20260906,0.0010411060305553724,0.00869100986570972,0.10733015137097515,0.002588828519441837,0.050364354556458935,0.3650229852841164,0.008849849844675425,0.07430874905036366,0.0,0.0,53.0,0.011232767455047865,0.0,4.0639530528675426e-16,1.0583211075175892e-15
garch_t_control,20260907,0.0012403923920087153,0.014601770259501674,0.1714234986099998,0.15183310021565824,1.0088427566521005,0.40500576323309806,0.012230611860419512,0.2001185531869365,0.0,0.0,138.0,0.013955723903552375,0.0,1.0837208140980114e-15,1.3229013843969864e-15
garch_t_control,20260908,0.00015476731364264397,0.01103434171052144,-0.13202555130377422,0.05753809509829962,0.4590928006474764,0.404754076355934,0.009230995065794407,0.13927347320693195,0.0,0.0,23.0,0.006792758011699762,0.0,1.0837208140980114e-15,5.291605537587946e-16
garch_t_control,20260909,0.00037566926679699365,0.009876270550040757,0.03959736195430519,-0.04767128582472152,0.3061284514422158,0.3788868468716339,0.00927551699022067,0.18840311918170527,0.0,0.0,41.0,0.004962994629966078,0.0,1.3546510176225143e-15,3.9687041531909596e-16
garch_t_control,20260910,0.001077106158631981,0.009491000091283322,-0.0057899695322986295,0.21027905186849585,0.3272830493121406,0.5151428154675871,0.008808962325419065,0.08177876930436068,0.0,0.0,85.0,0.009971825887456154,0.0,1.0837208140980114e-15,1.0583211075175892e-15
garch_t_control,20260911,0.0002069715681754758,0.01195754431373245,-0.15798538637349183,0.2716373808468493,0.46357793965527305,0.5752515197601674,0.009317951878942517,0.12838427897498061,0.0,0.0,65.0,0.003840060522195543,0.0,1.4901161193847656e-15,1.4551915228366853e-15
garch_t_control,20260912,-0.0004112817371942903,0.012685048949154412,-0.21957507686521802,0.035909482631207246,0.5752499921425764,0.5201666386672369,0.00823130544976734,0.17510733205719065,0.0,0.004,5.0,0.006531114659383386,0.0,2.7093020352450284e-16,7.937408306381919e-16
garch_t_control,20260913,0.0003237305183326065,0.01232599076763229,-0.007070662106207623,0.10589296159343607,0.3853697207048792,0.4406662564428988,0.010561194843435144,0.1510080313589447,0.0,0.0,57.0,0.00945172810671746,0.0,2.7093020352450284e-16,7.937408306381919e-16
garch_t_control,20260914,-0.00025721924971131927,0.011993274033576517,-0.08680307635921528,0.11761759983666742,0.5131249627768222,0.440106351140942,0.009050805331220232,0.20952176903857378,0.0,0.0,37.0,0.008442503225799758,0.0,6.773255088112571e-16,5.291605537587946e-16
garch_t_control,20260915,-0.0003736208142509021,0.014947746588837832,-0.009887486437928972,-0.09249500107784904,0.34961333931509886,0.32026063941633776,0.0132012109050299,0.2401687498103613,0.0,0.0,82.0,0.011570821972111345,0.0,9.482557123357599e-16,7.937408306381919e-16
garch_t_control,20260916,0.0006628294358833244,0.010908203397563413,0.014140481502026913,0.11479312763429333,1.2233307271595342,0.3965702135238706,0.01103437487578174,0.1594400860828844,0.0,0.0,39.0,0.008712635019358927,0.0,1.3546510176225143e-15,3.9687041531909596e-16
garch_t_control,20260917,-0.00032020062872605595,0.018100570506545097,-0.07474055061859695,0.25816736663486484,0.4908708551128571,0.4634964137164462,0.012896222882396129,0.18844091978091537,0.0,0.008,59.0,0.011500193570257222,0.0,6.773255088112571e-16,5.291605537587946e-16
garch_t_control,20260918,0.00010022996554961593,0.012072133031743922,-0.04950222426090438,0.049118254238388254,-0.5104140055725463,0.552056028367944,0.00955194911135985,0.13214507234074535,0.0,0.0,36.0,0.006251902995683123,0.0,1.2191859158602628e-15,3.9687041531909596e-16
garch_t_control,20260919,-7.487309459072833e-06,0.012004693885052606,-0.08317917298632792,0.09141206377856055,-0.2995297988401826,0.4196246609082907,0.01050606673945743,0.17265789958424393,0.0,0.0,69.0,0.007346473885442739,0.0,8.127906105735085e-16,2.645802768793973e-16
garch_t_control,20260920,0.0009302927425499412,0.00898275065434147,0.06435337015585751,0.14426988156762877,-0.26608456910926925,0.3675066292685716,0.010644790396625387,0.09557886810957972,0.0,0.0,56.0,0.010227120062773043,0.0,9.482557123357599e-16,1.3229013843969864e-15
garch_t_control,20260921,0.000784822424511475,0.009911618509372206,-0.04485354018056204,-0.04045945398782323,-0.3461382780529161,0.4824200822076586,0.008091843773332889,0.12586987814343853,0.0,0.0,88.0,0.007871092936983404,0.0,6.773255088112571e-16,3.9687041531909596e-16
garch_t_control,20260922,0.0005280618576277334,0.009054616435868771,-0.04500801003393453,0.1098889585466625,-0.3705521208546023,0.338776223471923,0.00905697553146711,0.0941896333099419,0.0,0.0,80.0,0.0058437819958925274,0.0,8.127906105735085e-16,7.937408306381919e-16
garch_t_control,20260923,0.0020343854051401637,0.013888983432417472,0.5782260361814507,0.4807857429771354,3.935153275576133,0.4204916221117506,0.1460405361720462,0.4401132228754647,0.3545816733067729,0.0,131.0,0.027290500478002633,0.0,9.482557123357599e-16,7.937408306381919e-16
garch_t_control,20260924,0.0006646552640168118,0.011904355977560043,-0.09905791722497913,0.32426153424494447,2.535974581824454,0.6998793418633473,0.009498735692123261,0.11704788000919752,0.0,0.0,91.0,0.005540267108338881,0.0,6.773255088112571e-16,1.1906112459572878e-15
garch_t_control,20260925,9.359830592975982e-05,0.01618424438075029,-0.20362213785752015,0.23003322244097266,1.0357173959780281,0.5356266008272209,0.011274043586289324,0.16065274900265836,0.0,0.008,33.0,0.008778091126639742,0.0,1.625581221147017e-15,3.9687041531909596e-16
garch_t_control,20260926,0.0010552806272041836,0.009301608338303194,0.050794116214006285,0.06657523256443515,0.4953132292753333,0.4786587473038641,0.009166571058928005,0.08384845846759559,0.0,0.0,73.0,0.01063691602299821,0.0,9.482557123357599e-16,7.937408306381919e-16
garch_t_control,20260927,0.000590653021804318,0.009384255253122913,-0.022233123754577717,0.041483378080894265,0.25549841894852365,0.34440369688979383,0.00946685188209927,0.11285763219565137,0.0,0.0,47.0,0.0033465099915628294,0.0,2.7093020352450284e-16,5.291605537587946e-16
garch_t_control,20260928,0.00013415865590507182,0.0146524057176603,-0.025087248432973382,0.22512477932502387,1.612642293626358,0.47412792491669603,0.01337860236084876,0.26042428811896157,0.0,0.004,53.0,0.020738098009805306,0.0,1.2191859158602628e-15,1.1906112459572878e-15
garch_t_control,20260929,0.0006404987731266517,0.010600341494197762,-0.0502562712599294,-0.04353803456707672,-0.0831717437725854,0.5597063545929885,0.007994888168841429,0.09444248191206261,0.0,0.0,82.0,0.005739878470163884,0.0,5.418604070490057e-16,6.614506921984932e-16
garch_t_control,20260930,0.0001620547003731687,0.011357748537470907,0.03735015212933926,0.07715794633453019,-0.07917500488021867,0.4019879700822366,0.010339670800302563,0.12836469880411572,0.0,0.0,33.0,0.00537155180588389,0.0,1.0837208140980114e-15,5.291605537587946e-16
garch_t_control,20260931,0.0013690041061840538,0.008567444408234672,0.06648914623036034,0.12060978317881334,0.6431568439642561,0.42956233633562574,0.0099943432966426,0.057838185617822946,0.0,0.0,60.0,0.01913853208443128,0.0,9.482557123357599e-16,7.937408306381919e-16
garch_t_control,20260932,0.00027897723044280196,0.010814349601942993,-0.03375381772393354,0.1308467453222156,-0.008650609409079912,0.5210984807952355,0.008721226635154776,0.1016108626233142,0.0,0.0,47.0,0.0028219887851297365,0.0,4.0639530528675426e-16,1.0583211075175892e-15
